Workbook

Sheet CONFIGURATOR
B1: CONFIGURATION TOOL
B2: INSTRUCTIONS: WRITE IN THE YELLOW CELLS. THEN SEND THE RESULTS (GREEN CELLS) TO THE BOARD
B4: STEP 1: AFE SELECTION
B5: SELECT THE AFE PART AND NUMBER. CHECK THE METROLOGY REFERENCE GUIDE FOR THE OPTIONS AVAILABLE IN THE VERSION BEING USED.
B6: 2 x MCP3913. 12 channels and up to 11 powers are allowed
B8: STEP 2: CHANNEL CONFIGURATION
B9: CONFIGURE EACH CHANNEL AS A VOLTAGE OR CURRENT SOURCE, BY SELECTING THE SENSOR TYPE USED.
B10: CH ID | C10: 0 | D10: =1+C10 -> 1 | E10: =1+D10 -> 2 | F10: =1+E10 -> 3 | G10: =1+F10 -> 4 | H10: =1+G10 -> 5 | I10: =1+H10 -> 6 | J10: =1+I10 -> 7 | K10: =1+J10 -> 8 | ... AH10: =1+AG10 -> 31
B11: I/V SEL | C11: V | D11: V | E11: V | F11: I(CT) | G11: I(CT) | H11: I(CT) | I11: I(CT) | J11: I(CT) | K11: I(CT) | L11: I(CT) | M11: I(CT) | N11: I(CT) | O11: I(CT) | P11: I(CT) | Q11: I(CT) | R11: I(CT) | S11: I(CT) | T11: I(CT) | U11: I(CT) | V11: I(CT) | W11: I(CT) | X11: I(CT) | Y11: I(CT) | Z11: I(CT) | AA11: I(CT) | AB11: I(CT) | AC11: I(CT) | AD11: I(CT) | AE11: I(CT) | AF11: I(CT) | AG11: I(CT) | AH11: I(CT)
C12: =MATCH(C11, AUX_INTERNAL!$C$16:$C$19, 0)-1 -> 3 | D12: =MATCH(D11, AUX_INTERNAL!$C$16:$C$19, 0)-1 -> 3 | E12: =MATCH(E11, AUX_INTERNAL!$C$16:$C$19, 0)-1 -> 3 | F12: =MATCH(F11, AUX_INTERNAL!$C$16:$C$19, 0)-1 -> 0 | G12: =MATCH(G11, AUX_INTERNAL!$C$16:$C$19, 0)-1 -> 0 | H12: =MATCH(H11, AUX_INTERNAL!$C$16:$C$19, 0)-1 -> 0 | I12: =MATCH(I11, AUX_INTERNAL!$C$16:$C$19, 0)-1 -> 0 | J12: =MATCH(J11, AUX_INTERNAL!$C$16:$C$19, 0)-1 -> 0 | ... AH12: =MATCH(AH11, AUX_INTERNAL!$C$16:$C$19, 0)-1 -> 0
B14: STEP 3: POWER NUMBER
B15: SELECT THE NUMBER OF POWERS TO BE COMPUTED. THE NUMBER CAN EXCEED THE MAXIMUM LIMIT ESTABLISHED BY THE AFE SELECTION (STEP 1)
B16: 9 | D16: Max. Power Number | H16: {=INDIRECT(ADDRESS(ROW(AUX_INTERNAL!D4)+MATCH(B6,AUX_INTERNAL!C4:C11,0)-1,4,,,"AUX_INTERNAL"))-1} -> 11 | I16: Power number | L16: =IF(B16<H16,B16,H16) -> 9
B18: STEP 4: POWER MATRIX
B19: FOR EACH POWER, SELECT THE CHANNELS WITH THE CURRENT AND VOLTAGE INPUTS. BLUE LABEL SIGNALS THE LAST AVAILABLE POWER ID
B20: PW ID | C20: V CH | D20: I CH | E20: Meaning:
B21: 0 | C21: 0 | D21: 3 | E21: ="Power number " & B21& " is obtained from voltage channel " & C21& " and current channel " &D21 -> Power number 0 is obtained from voltage channel 0 and current channel 3
B22: =1+B21 -> 1 | C22: 0 | D22: 4 | E22: ="Power number " & B22& " is obtained from voltage channel " & C22& " and current channel " &D22 -> Power number 1 is obtained from voltage channel 0 and current channel 4
B23: =1+B22 -> 2 | C23: 0 | D23: 5 | E23: …
B24: =1+B23 -> 3 | C24: 1 | D24: 6 | E24: …
B25: =1+B24 -> 4 | C25: 1 | D25: 7 | E25: …
B26: =1+B25 -> 5 | C26: 1 | D26: 8 | E26: …
B27: =1+B26 -> 6 | C27: 2 | D27: 9 | E27: …
B28: =1+B27 -> 7 | C28: 2 | D28: 10 | E28: …
B29: =1+B28 -> 8 | C29: 2 | D29: 11 | E29: …
B30: =1+B29 -> 9 | C30: 0 | D30: 0 | E30: …
B31: =1+B30 -> 10 | C31: 0 | D31: 0 | E31: …
B32: =1+B31 -> 11 | C32: 0 | D32: 0 | E32: …
B33: =1+B32 -> 12 | C33: 0 | D33: 0 | E33: …
B34: =1+B33 -> 13 | C34: 0 | D34: 0 | E34: …
... B51: =1+B50 -> 30 | C51: 0 | D51: 0 | E51: …
B53: STEP 5: ADC INPUT CHANNEL CONVERSION FACTOR
B55: Resistor divider ratio | C55: 1651 | L55: VALUE(HEX) | O55: =MID(DEC2HEX(ROUND(C55*2^10,0),10),3,8) -> 0019CC00
R56: USE THIS VALUE FOR THE CURRENT CHANNELS ("Y" or "N", SELECT JUST ONE)
B57: CT Ratio | C57: 1000 | F57: Burden resistor | I57: 1.62 | J57: PGA | K57: 1 | L57: VALUE(HEX) | O57: =MID(DEC2HEX(ROUND(C57*2^10/2/I57/K57,0),10),3,8) -> 0004D291 | R57: Y | T57: =IF(R57="Y",O57,IF(R58="Y",O58,O59)) -> 0004D291
B58: Shunt resistor | C58: 100 | F58: PGA | I58: 8 | L58: VALUE(HEX) | O58: =MID(DEC2HEX(ROUND(2^10*1000000/C58/I58,0),10),3,8) -> 00138800 | R58: N
B59: Rogowski coil scale factor at 60Hz | C59: 500 | F59: PGA | I59: 4 | L59: VALUE(HEX) | O59: =MID(DEC2HEX(ROUND(2^10*1000000/C59/I59,0),10),3,8) -> 0007D000 | R59: N
B62: STEP 6: SEND THE GENERATED COMMANDS TO THE BOARD
B63: SEND THE COMMANDS TO THE BOARD. WHEN USING A SERIAL TERMINAL, SIMPLY COPY AND PASTE EACH ROW
B64: ="DCW[1](" & DEC2HEX((MATCH(B6,AUX_INTERNAL!C4:C11,0)-1)*2^28+L16*2^8) & ")" -> DCW[1](50000900)
B65: =AUX_INTERNAL!J24 -> DCM(4:4000300; 5:6010500; 6:8010701; 7:A020902; 8:B02)
B66: ="DCW[21]("&DEC2HEX(C12*2^0+D12*2^2+E12*2^4+F12*2^6+G12*2^8+H12*2^10+I12*2^12+J12*2^14+K12*2^16+L12*2^18+M12*2^20+N12*2^22+O12*2^24+P12*2^26+Q12*2^28+R12*2^30,8)&")" -> DCW[21](0000003F)
B67: ="DCW[22]("&DEC2HEX(S12*2^0+T12*2^2+U12*2^4+V12*2^6+W12*2^8+X12*2^10+Y12*2^12+Z12*2^14+AA12*2^16+AB12*2^18+AC12*2^20+AD12*2^22+AE12*2^24+AF12*2^26+AG12*2^28+AH12*2^30,8)&")" -> DCW[22](00000000)
B68: =AUX_INTERNAL!J59 -> DCM(106:0019CC00; 107:0019CC00; 108:0019CC00; 109:0004D291; 110:0004D291; 111:0004D291; 112:0004D291; 113:0004D291; 114:0004D291; 115:0004D291; 116:0004D291; 117:0004D291)
B69: DCS

Sheet CALIBRATION GUIDE
B1: PIC32CXMTx Calibration Spreadsheet
B3: STEP 1: CONFIGURE THE INPUT SOURCES AND SELECT THE CHANNELS TO BE CALIBRATED
B4: Type the values in the yellow cells:
B5: Test Current | C5: 30 | E5: Enable V-V Phase correction | F5: NO | G5: Enabled in future versions
B6: Test Voltage | C6: 220
B7: Meter Tester Freq | C7: 50
B8: Meter Tester I-V Phase | C8: 60
B9: Meter Tester V-V Phase | C9: 120
B12: CH ID | C12: V/I | D12: MAGNITUDE (V/I) | E12: CALIBRATE (Y/N)
B13: 0 | C13: =CONFIGURATOR!C11 -> V | D13: =IF(C13="V",$C$6,$C$5) -> 220 | E13: Y
B14: 1 | C14: =CONFIGURATOR!D11 -> V | D14: =IF(C14="V",$C$6,$C$5) -> 220 | E14: Y
B15: 2 | C15: =CONFIGURATOR!E11 -> V | D15: =IF(C15="V",$C$6,$C$5) -> 220 | E15: Y
B16: 3 | C16: =CONFIGURATOR!F11 -> I(CT) | D16: =IF(C16="V",$C$6,$C$5) -> 30 | E16: Y
B17: 4 | C17: =CONFIGURATOR!G11 -> I(CT) | D17: =IF(C17="V",$C$6,$C$5) -> 30 | E17: Y
B18: 5 | C18: =CONFIGURATOR!H11 -> I(CT) | D18: =IF(C18="V",$C$6,$C$5) -> 30 | E18: Y
B19: 6 | C19: =CONFIGURATOR!I11 -> I(CT) | D19: =IF(C19="V",$C$6,$C$5) -> 30 | E19: N
B20: 7 | C20: =CONFIGURATOR!J11 -> I(CT) | D20: =IF(C20="V",$C$6,$C$5) -> 30 | E20: N
B21: 8 | C21: =CONFIGURATOR!K11 -> I(CT) | D21: =IF(C21="V",$C$6,$C$5) -> 30 | E21: N
B22: 9 | C22: =CONFIGURATOR!L11 -> I(CT) | D22: =IF(C22="V",$C$6,$C$5) -> 30 | E22: N
B23: 10 | C23: =CONFIGURATOR!M11 -> I(CT) | D23: =IF(C23="V",$C$6,$C$5) -> 30 | E23: N
B24: 11 | C24: =CONFIGURATOR!N11 -> I(CT) | D24: =IF(C24="V",$C$6,$C$5) -> 30 | E24: N
B25: 12 | C25: =CONFIGURATOR!O11 -> I(CT) | D25: =IF(C25="V",$C$6,$C$5) -> 30 | E25: N
B26: 13 | C26: =CONFIGURATOR!P11 -> I(CT) | D26: =IF(C26="V",$C$6,$C$5) -> 30 | E26: N
B27: 14 | C27: =CONFIGURATOR!Q11 -> I(CT) | D27: =IF(C27="V",$C$6,$C$5) -> 30 | E27: N
B28: 15 | C28: =CONFIGURATOR!R11 -> I(CT) | D28: =IF(C28="V",$C$6,$C$5) -> 30 | E28: N
B29: 16 | C29: =CONFIGURATOR!S11 -> I(CT) | D29: =IF(C29="V",$C$6,$C$5) -> 30 | E29: N
B30: 17 | C30: =CONFIGURATOR!T11 -> I(CT) | D30: =IF(C30="V",$C$6,$C$5) -> 30 | E30: N
B31: 18 | C31: =CONFIGURATOR!U11 -> I(CT) | D31: =IF(C31="V",$C$6,$C$5) -> 30 | E31: N
B32: 19 | C32: =CONFIGURATOR!V11 -> I(CT) | D32: =IF(C32="V",$C$6,$C$5) -> 30 | E32: N
B33: 20 | C33: =CONFIGURATOR!W11 -> I(CT) | D33: =IF(C33="V",$C$6,$C$5) -> 30 | E33: N
B34: 21 | C34: =CONFIGURATOR!X11 -> I(CT) | D34: =IF(C34="V",$C$6,$C$5) -> 30 | E34: N
B35: 22 | C35: =CONFIGURATOR!Y11 -> I(CT) | D35: =IF(C35="V",$C$6,$C$5) -> 30 | E35: N
B36: 23 | C36: =CONFIGURATOR!Z11 -> I(CT) | D36: =IF(C36="V",$C$6,$C$5) -> 30 | E36: N
B37: 24 | C37: =CONFIGURATOR!AA11 -> I(CT) | D37: =IF(C37="V",$C$6,$C$5) -> 30 | E37: N
B38: 25 | C38: =CONFIGURATOR!AB11 -> I(CT) | D38: =IF(C38="V",$C$6,$C$5) -> 30 | E38: N
B39: 26 | C39: =CONFIGURATOR!AC11 -> I(CT) | D39: =IF(C39="V",$C$6,$C$5) -> 30 | E39: N
B40: 27 | C40: =CONFIGURATOR!AD11 -> I(CT) | D40: =IF(C40="V",$C$6,$C$5) -> 30 | E40: N
B41: 28 | C41: =CONFIGURATOR!AE11 -> I(CT) | D41: =IF(C41="V",$C$6,$C$5) -> 30 | E41: N
B42: 29 | C42: =CONFIGURATOR!AF11 -> I(CT) | D42: =IF(C42="V",$C$6,$C$5) -> 30 | E42: N
B43: 30 | C43: =CONFIGURATOR!AG11 -> I(CT) | D43: =IF(C43="V",$C$6,$C$5) -> 30 | E43: N
B44: 31 | C44: =CONFIGURATOR!AH11 -> I(CT) | D44: =IF(C44="V",$C$6,$C$5) -> 30 | E44: N
B47: STEP 2 (OPTIONAL): SET THE CALIBRATION CONSTANTS TO THE DEFAULT VALUES (UNITY GAIN AND ZERO PHASE ADJUSTMENTS)
B48: This is an optional step, because the calibration parameters can be calculated using parameterts not having the default values
B49: Using the metrology console, send the default calibration constants to the board. Please check the board documentation showing how to work with the terminal console
B50: Send the commands to the board, copying from the green/purple cells and pasting to the terminal console
B51: REGISTER SET | C51: UNITY GAIN COMMAND / ZERO PHASE COMMAND
B52: CAL_M_x | C52: DCM(138:20000000; 139:20000000; 140:20000000; 141:20000000; 142:20000000; 143:20000000; 144:20000000; 145:20000000; 146:20000000; 147:20000000; 148:20000000; 149:20000000; 150:20000000; 151:20000000; 152:20000000; 153:20000000; 154:20000000; 155:20000000; 156:20000000; 157:20000000; 158:20000000; 159:20000000; 160:20000000; 161:20000000; 162:20000000; 163:20000000; 164:20000000; 165:20000000; 166:20000000; 167:20000000; 168:20000000; 169:20000000)
B53: CAL_PH_x | C53: DCM(170:0; 171:0; 172:0; 173:0; 174:0; 175:0; 176:0; 177:0; 178:0; 179:0; 180:0; 181:0; 182:0; 183:0; 184:0; 185:0; 186:0; 187:0; 188:0; 189:0; 190:0; 191:0; 192:0; 193:0; 194:0; 195:0; 196:0; 197:0; 198:0; 199:0 200:0; 201:0)
B55: STEP 3: READ THE MEASUREMENTS AND THE METROLOGY REGISTERS FROM THE BOARD
B56: Send to the board the commands in dark blue cells, and Copy and Paste ONLY THOSE EXACT LINES from the serial port interface results (soft blue).
B57: PAR[I]
B58: Present RMS values are :
B59: CH00=215.114V CH01=215.121V CH02=215.170V CH03=30.600A
B60: CH04=30.520A CH05=30.518A CH06=0.004A CH07=0.009V
B61: CH08=0.000A CH09=0.000V CH10=0.000A CH11=0.000V
B62: CH12=0.000A CH13=0.000A CH14=0.000A CH15=0.000A
B63: CH16=0.000A CH17=0.000A CH18=0.000A CH19=0.000A
B64: CH20=0.000A CH21=0.000A CH22=0.000A CH23=0.000A
B65: CH24=0.000A CH25=0.000A CH26=0.000A CH27=0.000A
B66: CH28=0.000A CH29=0.000A CH30=0.000A CH31=0.000A
... B399: Use these commands to send the calibration registers as groups:
B400: REGISTER SET | C400: GAIN COMMAND / PHASE COMMAND
B401: CAL_M_x | C401: ='CALCULATIONS MCP'!BA7 -> DCM(138:20BA73D2; 139:20B77771; 140:20B56992; 141:1F5D9BA8; 142:1F73A467; 143:1F74DAC6)
B402: CAL_PH_x | C402: ='CALCULATIONS MCP'!BA10 -> DCM(170:0; 171:0; 172:0; 173:FFF3AD39; 174:FFF22FC1; 175:FFF0A58D)
B404: STEP 5: CHECK THE ACCURACY OF THE MEASUREMENTS
B405: Check the accuracy of the measurements. If the results are not as good as expected, check the input sources and the configuration and come back to step 3

Sheet TOOLS
B1: SAM4CMx / PIC32CXMTx TOOLS
B2: CALCULATORS
B3: In the yellow cells, type the values to be configured | H3: Parameters used in the cauculations
B4: PARAMETER | C4: NEW VALUE | D4: DEFAULT VALUE | E4: NEEDED COMMANDS | F4: NOTES | H4: PARAMETER | I4: VALUE
B5: Meter constant (P) | C5: 3200 | D5: 3200 | E5: ="DCW[32]("& DEC2HEX(ROUND(1000*2^24/C5,0)) &")" -> DCW[32](500000) | F5: Check if the pulse width allows to reach the expected max pulse rate (max power applied) | H5: Frequency | I5: 50
B6: Meter constant (Q) | C6: 3200 | D6: 3200 | E6: ="DCW[33]("& DEC2HEX(ROUND(1000*2^24/C6,0)) &")" -> DCW[33](500000) | H6: K_x (Current) | I6: =HEX2DEC("9A523")/2^10 -> 617.28418
B7: Meter constant (I^2) | C7: 3200 | D7: 3200 | E7: ="DCW[34]("& DEC2HEX(ROUND(1000*2^24/C7,0)) &")" -> DCW[34](500000) | H7: K_x (Voltage) | I7: =HEX2DEC("19CC00")/2^10 -> 1651
B8: Creep threshold (P) | C8: 11 | D8: 0 | E8: ="DCW[35]("&MID(DEC2HEX(ROUND(TOOLS!C8/I5/3600*2^30,0),10),3,8) &")" -> DCW[35](00010052) | F8: Enable/Disable with Feature Control 1 Register
B9: Creep threshold (Q) | C9: 11 | D9: 0 | E9: ="DCW[36]("&MID(DEC2HEX(ROUND(TOOLS!C9/I5/3600*2^30,0),10),3,8) &")" -> DCW[36](00010052)
B10: Creep threshold (I) | C10: 10 | D10: 0 | E10: ="DCW[37]("&MID(DEC2HEX(ROUND(TOOLS!C10/I6*2^20,0),10),3,8) &")" -> DCW[37](0000425B)
B11: Power offset (P_x) | C11: -5 | D11: 0 | E11: ="DCW[218](" & MID(DEC2HEX(-ROUND(C11*2^40/(I6*I7),0),10),3,8) &")" -> DCW[218](00524F9B) | F11: Enable/Disable with power offset control register
B12: Power offset (Q_x) | C12: -5 | D12: 0 | E12: ="DCW[250](" & MID(DEC2HEX(-ROUND(C12*2^40/(I6*I7),0),10),3,8) &")" -> DCW[250](00524F9B)
B13: Global P offset | C13: 0.05 | D13: 0 | E13: ="DCW[40](" & MID(DEC2HEX(-ROUND(C13*2^30/180000,0),10),3,8) &")" -> DCW[40](FFFFFED6)
B14: Global Q offset | C14: -0.05 | D14: 0 | E14: ="DCW[41](" & MID(DEC2HEX(-ROUND(C14*2^30/180000,0),10),3,8) &")" -> DCW[41](0000012A)
B17: PULSE RATE CALCULATOR (USEFUL TO CONFIGURE THE PULSE WIDTH)
B18: Enter the values in the yellow cells. The blue cell shows the result.
B19: METER CONSTANT | C19: APPLIED POWER | D19: PULSE RATE
B20: 3200 | C20: 18 | D20: =B20*C20/3600 -> 16

Sheet Version control
B2: Version | C2: Date | D2: Changes
B3: 6 | C3: 45455 | D3: Preliminary version for multichannel metrology library
B4: 5 | C4: 45176 | D4: "Tools" worksheet added
B5: 4 | C5: 44853 | D5: This version supports the new features of the neutral current measuremnts. It requires SAM4CM metrology library 2.0.0B or newer; or PIC32CXMTx 3.0.0A or newer Valid for SAM4CM and PIC32CX
B6: 3.1 | C6: 44771 | D6: Fixed issue calculating CAL_PH_Ix when "Meter Test Freq" (Q5) is different from 60Hz. Calculations of P_x and Q_X quantities fixed (a constant of "4000" was used instead of status register "N")
B7: 3 | C7: 44614 | D7: Initial edition

Sheet CMD GENERATOR
B1: MCP391x TOOLS - WRITE JUST IN THE YELLOW CELLS; COMMANDS IN GREEN
AY2: AFE SELECTION | BD2: CHANNEL TYPE
B3: POWER NUMBER | I3: Channel type | AY3: 0 - 1xMCP3914 | BD3: I(CT) | BE3: 0
B4: 9 | H4: CH index | I4: 0 | J4: =1+I4 -> 1 | K4: =1+J4 -> 2 | L4: =1+K4 -> 3 | M4: =1+L4 -> 4 | N4: =1+M4 -> 5 | O4: =1+N4 -> 6 | P4: =1+O4 -> 7 | Q4: =1+P4 -> 8 | ... AN4: =1+AM4 -> 31 | AY4: 1 - 2xMCP3914 | BD4: I(RC) | BE4: 1
H5: SEL I/V | I5: V | J5: V | K5: V | L5: I(CT) | M5: I(CT) | N5: I(CT) | O5: I(CT) | P5: V | Q5: I(CT) | R5: V | S5: I(CT) | T5: V | U5: I(CT) | V5: I(CT) | W5: I(CT) | X5: I(CT) | Y5: I(CT) | Z5: I(CT) | AA5: I(CT) | AB5: I(CT) | AC5: I(CT) | AD5: I(CT) | AE5: I(CT) | AF5: I(CT) | AG5: I(CT) | AH5: I(CT) | AI5: I(CT) | AJ5: I(CT) | AK5: I(CT) | AL5: I(CT) | AM5: I(CT) | AN5: I(CT) | AY5: 2 - 3xMCP3914 | BD5: I(SH) | BE5: 2
H6: Number | I6: =MATCH(I5, $BD$3:$BD$6, 0)-1 -> 3 | J6: =MATCH(J5, $BD$3:$BD$6, 0)-1 -> 3 | K6: =MATCH(K5, $BD$3:$BD$6, 0)-1 -> 3 | L6: =MATCH(L5, $BD$3:$BD$6, 0)-1 -> 0 | M6: =MATCH(M5, $BD$3:$BD$6, 0)-1 -> 0 | N6: =MATCH(N5, $BD$3:$BD$6, 0)-1 -> 0 | O6: =MATCH(O5, $BD$3:$BD$6, 0)-1 -> 0 | P6: =MATCH(P5, $BD$3:$BD$6, 0)-1 -> 3 | ... AN6: =MATCH(AN5, $BD$3:$BD$6, 0)-1 -> 0 | AY6: 3 - 4xMCP3914 | BD6: V | BE6: 3
AB7: V_Default | AE7: 19CC00 | AH7: I_default | AK7: 9A523 | AY7: 4 - 1xMCP3913
H8: ="DCW[21]("&Q8&")" -> DCW[21](00CCC03F) | O8: Param | Q8: =DEC2HEX(I6*2^0+J6*2^2+K6*2^4+L6*2^6+M6*2^8+N6*2^10+O6*2^12+P6*2^14+Q6*2^16+R6*2^18+S6*2^20+T6*2^22+U6*2^24+V6*2^26+W6*2^28+X6*2^30,8) -> 00CCC03F | AB8: K_CH_x (K_CH must be also changed, in order the synthezizer to produce the proper magnitude) | AY8: 5 - 2xMCP3913
H9: ="DCW[22]("&Q9&")" -> DCW[22](00000000) | O9: Param | Q9: =DEC2HEX(Y6*2^0+Z6*2^2+AA6*2^4+AB6*2^6+AC6*2^8+AD6*2^10+AE6*2^12+AF6*2^14+AG6*2^16+AH6*2^18+AI6*2^20+AJ6*2^22+AK6*2^24+AL6*2^26+AM6*2^28+AN6*2^30,8) -> 00000000 | AA9: Offset | AB9: x | AC9: Reg | AD9: V/I | AE9: CMD_V | AH9: CMD | AM9: COMBINED CMD | AY9: 6 - 3xMCP3913
AA10: 106 | AB10: 0 | AC10: =AB10+$AA$10 -> 106 | AD10: =IF($I$6=3, "V", "I") -> V | AE10: =IF(AD10="V",$AE$7,$AK$7) -> 19CC00 | AH10: ="DCW["&AC10&"]("&AE10&")" -> DCW[106](19CC00) | AM10: 32 CHANNELS | AY10: 7 - 4xMCP3913
AB11: =1+AB10 -> 1 | AC11: =AB11+$AA$10 -> 107 | AD11: =IF($J$6=3, "V", "I") -> V | AE11: =IF(AD11="V",$AE$7,$AK$7) -> 19CC00 | AH11: ="DCW["&AC11&"]("&AE11&")" -> DCW[107](19CC00)
AB12: =1+AB11 -> 2 | AC12: =AB12+$AA$10 -> 108 | AD12: =IF($K$6=3, "V", "I") -> V | AE12: =IF(AD12="V",$AE$7,$AK$7) -> 19CC00 | AH12: ="DCW["&AC12&"]("&AE12&")" -> DCW[108](19CC00) | AM12: 16 CHANNELS | AY12: SYNTHESIZER
B13: PH number | C13: V source | D13: I source | E13: Ctrl reg | F13: Param | G13: COMMAND | H13: TOTAL CMD - PHASE SOURCE REGISTERS | AB13: =1+AB12 -> 3 | AC13: =AB13+$AA$10 -> 109 | AD13: =IF($L$6=3, "V", "I") -> I | AE13: =IF(AD13="V",$AE$7,$AK$7) -> 9A523 | AH13: ="DCW["&AC13&"]("&AE13&")" -> DCW[109](9A523) | AM13: ="DCM("&AC10&":"&AE10&";" &AC11&":"&AE11&";" &AC12&":"&AE12&";" &AC13&":"&AE13&";" &AC14&":"&AE14&";" &AC15&":"&AE15&";" &AC16&":"&AE16&";" &AC17&":"&AE17&";" &AC18&":"&AE18&";" &AC19&":"&AE19&";" &AC20&":"&AE20&";" &AC21&":"&AE21&";" &AC22&":"&AE22&";" &AC23&":"&AE23&";" &AC24&":"&AE24&";" &AC25&":"&AE25 &")" -> DCM(106:19CC00;107:19CC00;108:19CC00;109:9A523;110:9A523;111:9A523;112:9A523;113:19CC00;114:9A523;115:19CC00;116:9A523;117:19CC00;118:9A523;119:9A523;120:9A523;121:9A523) | AY13: 220v | AZ13: 202334585
B14: 0 | C14: 0 | D14: 1 | E14: 4 | F14: =DEC2HEX(C14+D14*256) -> 100 | G14: ="DCW["&E14&"]("&F14&")" -> DCW[4](100) | H14: =IF(B14=($B$4-1),"DCM("&E14&":"&F14&") """) -> FALSE | AB14: =1+AB13 -> 4 | AC14: =AB14+$AA$10 -> 110 | AD14: =IF($M$6=3, "V", "I") -> I | AE14: =IF(AD14="V",$AE$7,$AK$7) -> 9A523 | AH14: ="DCW["&AC14&"]("&AE14&")" -> DCW[110](9A523) | AM14: 12 CHANNELS | AY14: 100A | AZ14: 245986054
B15: =1+B14 -> 1 | C15: 0 | D15: 2 | E15: 4 | F15: =DEC2HEX(C14+D14*256+C15*2^16+D15*2^24) -> 2000100 | G15: ="DCW["&E15&"]("&F15&")" -> DCW[4](2000100) | H15: =IF(B15=($B$4-1),"DCM("&E15&":"&F15&")") -> FALSE | AB15: =1+AB14 -> 5 | AC15: =AB15+$AA$10 -> 111 | AD15: =IF($N$6=3, "V", "I") -> I | AE15: =IF(AD15="V",$AE$7,$AK$7) -> 9A523 | AH15: ="DCW["&AC15&"]("&AE15&")" -> DCW[111](9A523) | AM15: ="DCM("&AC10&":"&AE10&";" &AC11&":"&AE11&";" &AC12&":"&AE12&";" &AC13&":"&AE13&";" &AC14&":"&AE14&";" &AC15&":"&AE15&";" &AC16&":"&AE16&";" &AC17&":"&AE17&";" &AC18&":"&AE18&";" &AC19&":"&AE19&";" &AC20&":"&AE20&";" &AC21&":"&AE21 &")" -> DCM(106:19CC00;107:19CC00;108:19CC00;109:9A523;110:9A523;111:9A523;112:9A523;113:19CC00;114:9A523;115:19CC00;116:9A523;117:19CC00)
B16: =1+B15 -> 2 | C16: 0 | D16: 3 | E16: 5 | F16: =DEC2HEX(C16+D16*256) -> 300 | G16: ="DCW["&E16&"]("&F16&")" -> DCW[5](300) | H16: =IF(B16=($B$4-1),"DCM("&E15&":"&F15&"; "&E16&":"&F16&")") -> FALSE | AB16: =1+AB15 -> 6 | AC16: =AB16+$AA$10 -> 112 | AD16: =IF($O$6=3, "V", "I") -> I | AE16: =IF(AD16="V",$AE$7,$AK$7) -> 9A523 | AH16: ="DCW["&AC16&"]("&AE16&")" -> DCW[112](9A523) | AM16: 8 CHANNELS
B17: =1+B16 -> 3 | C17: 0 | D17: 4 | E17: 5 | F17: =DEC2HEX(C16+D16*256+C17*2^16+D17*2^24) -> 4000300 | G17: ="DCW["&E17&"]("&F17&")" -> DCW[5](4000300) | H17: =IF(B17=($B$4-1),"DCM("&E15&":"&F15&"; "&E17&":"&F17&")") -> FALSE | AB17: =1+AB16 -> 7 | AC17: =AB17+$AA$10 -> 113 | AD17: =IF($P$6=3, "V", "I") -> V | AE17: =IF(AD17="V",$AE$7,$AK$7) -> 19CC00 | AH17: ="DCW["&AC17&"]("&AE17&")" -> DCW[113](19CC00) | AM17: ="DCM("&AC10&":"&AE10&";" &AC11&":"&AE11&";" &AC12&":"&AE12&";" &AC13&":"&AE13&";" &AC14&":"&AE14&";" &AC15&":"&AE15&";" &AC16&":"&AE16&";" &AC17&":"&AE17 &")" -> DCM(106:19CC00;107:19CC00;108:19CC00;109:9A523;110:9A523;111:9A523;112:9A523;113:19CC00)
B18: =1+B17 -> 4 | C18: 0 | D18: 5 | E18: 6 | F18: =DEC2HEX(C18+D18*256) -> 500 | G18: ="DCW["&E18&"]("&F18&")" -> DCW[6](500) | H18: =IF(B18=($B$4-1),"DCM("&E15&":"&F15&"; "&E17&":"&F17&"; "&E18&":"&F18&")") -> FALSE | AB18: =1+AB17 -> 8 | AC18: =AB18+$AA$10 -> 114 | AD18: =IF($Q$6=3, "V", "I") -> I | AE18: =IF(AD18="V",$AE$7,$AK$7) -> 9A523 | AH18: ="DCW["&AC18&"]("&AE18&")" -> DCW[114](9A523)
B19: =1+B18 -> 5 | C19: 6 | D19: 7 | E19: 6 | F19: =DEC2HEX(C18+D18*256+C19*2^16+D19*2^24) -> 7060500 | G19: ="DCW["&E19&"]("&F19&")" -> DCW[6](7060500) | H19: =IF(B19=($B$4-1),"DCM("&E15&":"&F15&"; "&E17&":"&F17&"; "&E19&":"&F19&")") -> FALSE | AB19: =1+AB18 -> 9 | AC19: =AB19+$AA$10 -> 115 | AD19: =IF($R$6=3, "V", "I") -> V | AE19: =IF(AD19="V",$AE$7,$AK$7) -> 19CC00 | AH19: ="DCW["&AC19&"]("&AE19&")" -> DCW[115](19CC00)
B20: =1+B19 -> 6 | C20: 6 | D20: 8 | E20: 7 | F20: =DEC2HEX(C20+D20*256) -> 806 | G20: ="DCW["&E20&"]("&F20&")" -> DCW[7](806) | H20: =IF(B20=($B$4-1),"DCM("&E15&":"&F15&"; "&E17&":"&F17&"; "&E19&":"&F19&"; "&E20&":"&F20&")") -> FALSE | AB20: =1+AB19 -> 10 | AC20: =AB20+$AA$10 -> 116 | AD20: =IF($S$6=3, "V", "I") -> I | AE20: =IF(AD20="V",$AE$7,$AK$7) -> 9A523 | AH20: ="DCW["&AC20&"]("&AE20&")" -> DCW[116](9A523)
B21: =1+B20 -> 7 | C21: 6 | D21: 9 | E21: 7 | F21: =DEC2HEX(C20+D20*256+C21*2^16+D21*2^24) -> 9060806 | G21: ="DCW["&E21&"]("&F21&")" -> DCW[7](9060806) | H21: =IF(B21=($B$4-1),"DCM("&E15&":"&F15&"; "&E17&":"&F17&"; "&E19&":"&F19&";"&E21&":"&F21&")") -> FALSE | AB21: =1+AB20 -> 11 | AC21: =AB21+$AA$10 -> 117 | AD21: =IF($T$6=3, "V", "I") -> V | AE21: =IF(AD21="V",$AE$7,$AK$7) -> 19CC00 | AH21: ="DCW["&AC21&"]("&AE21&")" -> DCW[117](19CC00)
B22: =1+B21 -> 8 | C22: 6 | D22: 10 | E22: 8 | F22: =DEC2HEX(C22+D22*256) -> A06 | G22: ="DCW["&E22&"]("&F22&")" -> DCW[8](A06) | H22: =IF(B22=($B$4-1),"DCM("&E15&":"&F15&"; "&E17&":"&F17&"; "&E19&":"&F19&"; "&E21&":"&F21&"; "&E22&":"&F22&")") -> DCM(4:2000100; 5:4000300; 6:7060500; 7:9060806; 8:A06) | AB22: =1+AB21 -> 12 | AC22: =AB22+$AA$10 -> 118 | AD22: =IF($U$6=3, "V", "I") -> I | AE22: =IF(AD22="V",$AE$7,$AK$7) -> 9A523 | AH22: ="DCW["&AC22&"]("&AE22&")" -> DCW[118](9A523)
B23: =1+B22 -> 9 | C23: 11 | D23: 12 | E23: 8 | F23: =DEC2HEX(C22+D22*256+C23*2^16+D23*2^24) -> C0B0A06 | G23: ="DCW["&E23&"]("&F23&")" -> DCW[8](C0B0A06) | H23: =IF(B23=($B$4-1),"DCM("&E15&":"&F15&"; "&E17&":"&F17&"; "&E19&":"&F19&"; "&E21&":"&F21&"; "&E23&":"&F23&")") -> FALSE | AB23: =1+AB22 -> 13 | AC23: =AB23+$AA$10 -> 119 | AD23: =IF($V$6=3, "V", "I") -> I | AE23: =IF(AD23="V",$AE$7,$AK$7) -> 9A523 | AH23: ="DCW["&AC23&"]("&AE23&")" -> DCW[119](9A523)
B24: =1+B23 -> 10 | C24: 11 | D24: 13 | E24: 9 | F24: =DEC2HEX(C24+D24*256) -> D0B | G24: ="DCW["&E24&"]("&F24&")" -> DCW[9](D0B) | H24: =IF(B24=($B$4-1),"DCM("&E15&":"&F15&"; "&E17&":"&F17&"; "&E19&":"&F19&"; "&E21&":"&F21&"; "&E23&":"&F23&"; "&E24&":"&F24&")") -> FALSE | AB24: =1+AB23 -> 14 | AC24: =AB24+$AA$10 -> 120 | AD24: =IF($W$6=3, "V", "I") -> I | AE24: =IF(AD24="V",$AE$7,$AK$7) -> 9A523 | AH24: ="DCW["&AC24&"]("&AE24&")" -> DCW[120](9A523)
B25: =1+B24 -> 11 | C25: 11 | D25: 14 | E25: 9 | F25: =DEC2HEX(C24+D24*256+C25*2^16+D25*2^24) -> E0B0D0B | G25: ="DCW["&E25&"]("&F25&")" -> DCW[9](E0B0D0B) | H25: =IF(B25=($B$4-1),"DCM("&E15&":"&F15&"; "&E17&":"&F17&"; "&E19&":"&F19&"; "&E21&":"&F21&"; "&E23&":"&F23&"; "&E25&":"&F25&")") -> FALSE | AB25: =1+AB24 -> 15 | AC25: =AB25+$AA$10 -> 121 | AD25: =IF($X$6=3, "V", "I") -> I | AE25: =IF(AD25="V",$AE$7,$AK$7) -> 9A523 | AH25: ="DCW["&AC25&"]("&AE25&")" -> DCW[121](9A523)
B26: =1+B25 -> 12 | C26: 11 | D26: 15 | E26: 10 | F26: =DEC2HEX(C26+D26*256) -> F0B | G26: ="DCW["&E26&"]("&F26&")" -> DCW[10](F0B) | H26: =IF(B26=($B$4-1),"DCM("&E15&":"&F15&"; "&E17&":"&F17&"; "&E19&":"&F19&"; "&E21&":"&F21&"; "&E23&":"&F23&"; "&E25&":"&F25&"; "&E26&":"&F26&")") -> FALSE | AB26: =1+AB25 -> 16 | AC26: =AB26+$AA$10 -> 122 | AD26: =IF($Y$6=3, "V", "I") -> I | AE26: =IF(AD26="V",$AE$7,$AK$7) -> 9A523 | AH26: ="DCW["&AC26&"]("&AE26&")" -> DCW[122](9A523)
B27: =1+B26 -> 13 | C27: 0 | D27: 0 | E27: 10 | F27: =DEC2HEX(C26+D26*256+C27*2^16+D27*2^24) -> F0B | G27: ="DCW["&E27&"]("&F27&")" -> DCW[10](F0B) | H27: =IF(B27=($B$4-1),"DCM("&E15&":"&F15&"; "&E17&":"&F17&"; "&E19&":"&F19&"; "&E21&":"&F21&"; "&E23&":"&F23&"; "&E25&":"&F25&"; "&E27&":"&F27&")") -> FALSE | AB27: =1+AB26 -> 17 | AC27: =AB27+$AA$10 -> 123 | AD27: =IF($Z$6=3, "V", "I") -> I | AE27: =IF(AD27="V",$AE$7,$AK$7) -> 9A523 | AH27: ="DCW["&AC27&"]("&AE27&")" -> DCW[123](9A523)
B28: =1+B27 -> 14 | C28: 5 | D28: 15 | E28: 11 | F28: =DEC2HEX(C28+D28*256) -> F05 | G28: ="DCW["&E28&"]("&F28&")" -> DCW[11](F05) | H28: =IF(B28=($B$4-1),"DCM("&E15&":"&F15&"; "&E17&":"&F17&"; "&E19&":"&F19&"; "&E21&":"&F21&"; "&E23&":"&F23&"; "&E25&":"&F25&"; "&E27&":"&F27&"; "&E28&":"&F28&")") -> FALSE | AB28: =1+AB27 -> 18 | AC28: =AB28+$AA$10 -> 124 | AD28: =IF($AA$6=3, "V", "I") -> I | AE28: =IF(AD28="V",$AE$7,$AK$7) -> 9A523 | AH28: ="DCW["&AC28&"]("&AE28&")" -> DCW[124](9A523)
B29: =1+B28 -> 15 | C29: 5 | D29: 16 | E29: 11 | F29: =DEC2HEX(C28+D28*256+C29*2^16+D29*2^24) -> 10050F05 | G29: ="DCW["&E29&"]("&F29&")" -> DCW[11](10050F05) | H29: =IF(B29=($B$4-1),"DCM("&E15&":"&F15&"; "&E17&":"&F17&"; "&E19&":"&F19&"; "&E21&":"&F21&"; "&E23&":"&F23&"; "&E25&":"&F25&"; "&E27&":"&F27&"; "&E29&":"&F29&")") -> FALSE | AB29: =1+AB28 -> 19 | AC29: =AB29+$AA$10 -> 125 | AD29: =IF($AB$6=3, "V", "I") -> I | AE29: =IF(AD29="V",$AE$7,$AK$7) -> 9A523 | AH29: ="DCW["&AC29&"]("&AE29&")" -> DCW[125](9A523)
B30: =1+B29 -> 16 | C30: 5 | D30: 17 | E30: 12 | F30: =DEC2HEX(C30+D30*256) -> 1105 | G30: ="DCW["&E30&"]("&F30&")" -> DCW[12](1105) | H30: =IF(B30=($B$4-1),"DCM("&E15&":"&F15&"; "&E17&":"&F17&"; "&E19&":"&F19&";"&E21&":"&F21&"; "&E23&":"&F23&"; "&E25&":"&F25&"; "&E27&":"&F27&"; "&E29&":"&F29&"; "&E30&":"&F30&")") -> FALSE | AB30: =1+AB29 -> 20 | AC30: =AB30+$AA$10 -> 126 | AD30: =IF($AC$6=3, "V", "I") -> I | AE30: =IF(AD30="V",$AE$7,$AK$7) -> 9A523 | AH30: ="DCW["&AC30&"]("&AE30&")" -> DCW[126](9A523)
B31: =1+B30 -> 17 | C31: 11 | D31: 18 | E31: 12 | F31: =DEC2HEX(C30+D30*256+C31*2^16+D31*2^24) -> 120B1105 | G31: ="DCW["&E31&"]("&F31&")" -> DCW[12](120B1105) | H31: =IF(B11=($B$4-1),"DCM("&E15&":"&F15&"; "&E17&":"&F17&"; "&E19&":"&F19&"; "&E21&":"&F21&"; "&E23&":"&F23&"; "&E25&":"&F25&"; "&E27&":"&F27&"; "&E29&":"&F29&"; "&E31&":"&F31&")") -> FALSE | AB31: =1+AB30 -> 21 | AC31: =AB31+$AA$10 -> 127 | AD31: =IF($AD$6=3, "V", "I") -> I | AE31: =IF(AD31="V",$AE$7,$AK$7) -> 9A523 | AH31: ="DCW["&AC31&"]("&AE31&")" -> DCW[127](9A523)
B32: =1+B31 -> 18 | C32: 11 | D32: 19 | E32: 13 | F32: =DEC2HEX(C32+D32*256) -> 130B | G32: ="DCW["&E32&"]("&F32&")" -> DCW[13](130B) | H32: =IF(B32=($B$4-1),"DCM("&E15&":"&F15&"; "&E17&":"&F17&"; "&E19&":"&F19&"; "&E21&":"&F21&"; "&E23&":"&F23&"; "&E25&":"&F25&"; "&E27&":"&F27&"; "&E29&":"&F29&"; "&E31&":"&F31&"; "&E32&":"&F32&")") -> FALSE | AB32: =1+AB31 -> 22 | AC32: =AB32+$AA$10 -> 128 | AD32: =IF($AE$6=3, "V", "I") -> I | AE32: =IF(AD32="V",$AE$7,$AK$7) -> 9A523 | AH32: ="DCW["&AC32&"]("&AE32&")" -> DCW[128](9A523)
B33: =1+B32 -> 19 | C33: 11 | D33: 20 | E33: 13 | F33: =DEC2HEX(C32+D32*256+C33*2^16+D33*2^24) -> 140B130B | G33: ="DCW["&E33&"]("&F33&")" -> DCW[13](140B130B) | H33: =IF(B33=($B$4-1),"DCM("&E15&":"&F15&"; "&E17&":"&F17&"; "&E19&":"&F19&"; "&E21&":"&F21&"; "&E23&":"&F23&"; "&E25&":"&F25&"; "&E27&":"&F27&"; "&E29&":"&F29&"; "&E31&":"&F31&"; "&E33&":"&F33&")") -> FALSE | AB33: =1+AB32 -> 23 | AC33: =AB33+$AA$10 -> 129 | AD33: =IF($AF$6=3, "V", "I") -> I | AE33: =IF(AD33="V",$AE$7,$AK$7) -> 9A523 | AH33: ="DCW["&AC33&"]("&AE33&")" -> DCW[129](9A523)
B34: =1+B33 -> 20 | C34: 11 | D34: 21 | E34: 14 | F34: =DEC2HEX(C34+D34*256) -> 150B | G34: ="DCW["&E34&"]("&F34&")" -> DCW[14](150B) | H34: =IF(B34=($B$4-1),"DCM("&E15&":"&F15&"; "&E17&":"&F17&"; "&E19&":"&F19&"; "&E21&":"&F21&"; "&E23&":"&F23&"; "&E25&":"&F25&"; "&E27&":"&F27&"; "&E29&":"&F29&"; "&E31&":"&F31&"; "&E33&":"&F33&"; "&E34&":"&F34&")") -> FALSE | AB34: =1+AB33 -> 24 | AC34: =AB34+$AA$10 -> 130 | AD34: =IF($AG$6=3, "V", "I") -> I | AE34: =IF(AD34="V",$AE$7,$AK$7) -> 9A523 | AH34: ="DCW["&AC34&"]("&AE34&")" -> DCW[130](9A523)
B35: =1+B34 -> 21 | C35: 11 | D35: 22 | E35: 14 | F35: =DEC2HEX(C34+D34*256+C35*2^16+D35*2^24) -> 160B150B | G35: ="DCW["&E35&"]("&F35&")" -> DCW[14](160B150B) | H35: =IF(B35=($B$4-1),"DCM("&E15&":"&F15&"; "&E17&":"&F17&"; "&E19&":"&F19&"; "&E21&":"&F21&"; "&E23&":"&F23&"; "&E25&":"&F25&"; "&E27&":"&F27&"; "&E29&":"&F29&"; "&E31&":"&F31&"; "&E33&":"&F33&"; "&E35&":"&F35&")") -> FALSE | AB35: =1+AB34 -> 25 | AC35: =AB35+$AA$10 -> 131 | AD35: =IF($AH$6=3, "V", "I") -> I | AE35: =IF(AD35="V",$AE$7,$AK$7) -> 9A523 | AH35: ="DCW["&AC35&"]("&AE35&")" -> DCW[131](9A523)
B36: =1+B35 -> 22 | C36: 11 | D36: 23 | E36: 15 | F36: =DEC2HEX(C36+D36*256) -> 170B | G36: ="DCW["&E36&"]("&F36&")" -> DCW[15](170B) | H36: =IF(B36=($B$4-1),"DCM("&E15&":"&F15&"; "&E17&":"&F17&"; "&E19&":"&F19&"; "&E21&":"&F21&"; "&E23&":"&F23&"; "&E25&":"&F25&"; "&E27&":"&F27&"; "&E29&":"&F29&"; "&E31&":"&F31&"; "&E33&":"&F33&"; "&E35&":"&F35&"; "&E36&":"&F36&")") -> FALSE | AB36: =1+AB35 -> 26 | AC36: =AB36+$AA$10 -> 132 | AD36: =IF($AI$6=3, "V", "I") -> I | AE36: =IF(AD36="V",$AE$7,$AK$7) -> 9A523 | AH36: ="DCW["&AC36&"]("&AE36&")" -> DCW[132](9A523)
B37: =1+B36 -> 23 | C37: 11 | D37: 24 | E37: 15 | F37: =DEC2HEX(C36+D36*256+C37*2^16+D37*2^24) -> 180B170B | G37: ="DCW["&E37&"]("&F37&")" -> DCW[15](180B170B) | H37: =IF(B37=($B$4-1),"DCM("&E15&":"&F15&"; "&E17&":"&F17&"; "&E19&":"&F19&"; "&E21&":"&F21&"; "&E23&":"&F23&"; "&E25&":"&F25&"; "&E27&":"&F27&"; "&E29&":"&F29&"; "&E31&":"&F31&"; "&E33&":"&F33&"; "&E35&":"&F35&"; "&E37&":"&F37&")") -> FALSE | AB37: =1+AB36 -> 27 | AC37: =AB37+$AA$10 -> 133 | AD37: =IF($AJ$6=3, "V", "I") -> I | AE37: =IF(AD37="V",$AE$7,$AK$7) -> 9A523 | AH37: ="DCW["&AC37&"]("&AE37&")" -> DCW[133](9A523)
B38: =1+B37 -> 24 | C38: 11 | D38: 25 | E38: 16 | F38: =DEC2HEX(C38+D38*256) -> 190B | G38: ="DCW["&E38&"]("&F38&")" -> DCW[16](190B) | H38: =IF(B38=($B$4-1),"DCM("&E15&":"&F15&"; "&E17&":"&F17&"; "&E19&":"&F19&"; "&E21&":"&F21&"; "&E23&":"&F23&"; "&E25&":"&F25&"; "&E27&":"&F27&"; "&E29&":"&F29&"; "&E31&":"&F31&"; "&E33&":"&F33&"; "&E35&":"&F35&"; "&E37&":"&F37&"; "&E38&":"&F38&")") -> FALSE | AB38: =1+AB37 -> 28 | AC38: =AB38+$AA$10 -> 134 | AD38: =IF($AK$6=3, "V", "I") -> I | AE38: =IF(AD38="V",$AE$7,$AK$7) -> 9A523 | AH38: ="DCW["&AC38&"]("&AE38&")" -> DCW[134](9A523)
B39: =1+B38 -> 25 | C39: 11 | D39: 26 | E39: 16 | F39: =DEC2HEX(C38+D38*256+C39*2^16+D39*2^24) -> 1A0B190B | G39: ="DCW["&E39&"]("&F39&")" -> DCW[16](1A0B190B) | H39: =IF(B39=($B$4-1),"DCM("&E15&":"&F15&"; "&E17&":"&F17&"; "&E19&":"&F19&"; "&E21&":"&F21&"; "&E23&":"&F23&"; "&E25&":"&F25&"; "&E27&":"&F27&"; "&E29&":"&F29&"; "&E31&":"&F31&"; "&E33&":"&F33&"; "&E35&":"&F35&"; "&E37&":"&F37&"; "&E39&":"&F39&")") -> FALSE | AB39: =1+AB38 -> 29 | AC39: =AB39+$AA$10 -> 135 | AD39: =IF($AL$6=3, "V", "I") -> I | AE39: =IF(AD39="V",$AE$7,$AK$7) -> 9A523 | AH39: ="DCW["&AC39&"]("&AE39&")" -> DCW[135](9A523)
B40: =1+B39 -> 26 | C40: 11 | D40: 27 | E40: 17 | F40: =DEC2HEX(C40+D40*256) -> 1B0B | G40: ="DCW["&E40&"]("&F40&")" -> DCW[17](1B0B) | H40: =IF(B40=($B$4-1),"DCM("&E15&":"&F15&"; "&E17&":"&F17&"; "&E19&":"&F19&"; "&E21&":"&F21&"; "&E23&":"&F23&"; "&E25&":"&F25&"; "&E27&":"&F27&"; "&E29&":"&F29&"; "&E31&":"&F31&"; "&E33&":"&F33&"; "&E35&":"&F35&"; "&E37&":"&F37&"; "&E39&":"&F39&"; "&E40&":"&F40&")") -> FALSE | AB40: =1+AB39 -> 30 | AC40: =AB40+$AA$10 -> 136 | AD40: =IF($AM$6=3, "V", "I") -> I | AE40: =IF(AD40="V",$AE$7,$AK$7) -> 9A523 | AH40: ="DCW["&AC40&"]("&AE40&")" -> DCW[136](9A523)
B41: =1+B40 -> 27 | C41: 11 | D41: 28 | E41: 17 | F41: =DEC2HEX(C40+D40*256+C41*2^16+D41*2^24) -> 1C0B1B0B | G41: ="DCW["&E41&"]("&F41&")" -> DCW[17](1C0B1B0B) | H41: =IF(B41=($B$4-1),"DCM("&E15&":"&F15&"; "&E17&":"&F17&"; "&E19&":"&F19&"; "&E21&":"&F21&"; "&E23&":"&F23&"; "&E25&":"&F25&"; "&E27&":"&F27&"; "&E29&":"&F29&"; "&E31&":"&F31&"; "&E33&":"&F33&"; "&E35&":"&F35&"; "&E37&":"&F37&"; "&E39&":"&F39&"; "&E41&":"&F41&")") -> FALSE | AB41: =1+AB40 -> 31 | AC41: =AB41+$AA$10 -> 137 | AD41: =IF($AN$6=3, "V", "I") -> I | AE41: =IF(AD41="V",$AE$7,$AK$7) -> 9A523 | AH41: ="DCW["&AC41&"]("&AE41&")" -> DCW[137](9A523)
B42: =1+B41 -> 28 | C42: 11 | D42: 29 | E42: 18 | F42: =DEC2HEX(C42+D42*256) -> 1D0B | G42: ="DCW["&E42&"]("&F42&")" -> DCW[18](1D0B) | H42: =IF(B42=($B$4-1),"DCM("&E15&":"&F15&"; "&E17&":"&F17&"; "&E19&":"&F19&"; "&E21&":"&F21&"; "&E23&":"&F23&"; "&E25&":"&F25&"; "&E27&":"&F27&"; "&E29&":"&F29&"; "&E31&":"&F31&"; "&E33&":"&F33&"; "&E35&":"&F35&"; "&E37&":"&F37&"; "&E39&":"&F39&"; "&E41&":"&F41&"; "&E42&":"&F42&")") -> FALSE
B43: =1+B42 -> 29 | C43: 11 | D43: 30 | E43: 18 | F43: =DEC2HEX(C42+D42*256+C43*2^16+D43*2^24) -> 1E0B1D0B | G43: ="DCW["&E43&"]("&F43&")" -> DCW[18](1E0B1D0B) | H43: =IF(B43=($B$4-1),"DCM("&E15&":"&F15&"; "&E17&":"&F17&"; "&E19&":"&F19&"; "&E21&":"&F21&"; "&E23&":"&F23&"; "&E25&":"&F25&"; "&E27&":"&F27&"; "&E29&":"&F29&"; "&E31&":"&F31&"; "&E33&":"&F33&"; "&E35&":"&F35&"; "&E37&":"&F37&"; "&E39&":"&F39&"; "&E41&":"&F41&"; "&E43&":"&F43&")") -> FALSE
B44: =1+B43 -> 30 | C44: 11 | D44: 31 | E44: 19 | F44: =DEC2HEX(C44+D44*256) -> 1F0B | G44: ="DCW["&E44&"]("&F44&")" -> DCW[19](1F0B) | H44: =IF(B44=($B$4-1),"DCM("&E15&":"&F15&"; "&E17&":"&F17&"; "&E19&":"&F19&"; "&E21&":"&F21&"; "&E23&":"&F23&"; "&E25&":"&F25&"; "&E27&":"&F27&"; "&E29&":"&F29&"; "&E31&":"&F31&"; "&E33&":"&F33&"; "&E35&":"&F35&"; "&E37&":"&F37&"; "&E39&":"&F39&"; "&E41&":"&F41&"; "&E43&":"&F43&"; "&E44&":"&F44&")") -> FALSE
K46: Offset Reg | N46: 282
B47: SYNTHESIZER | D47: FREQ(Hz) | E47: 50
B48: CH number | C48: V/I | D48: V | E48: I | F48: Angle | G48: Param 1 | H48: Param 2 | I48: Param 3 | K48: COMMAND | Q48: COMBINED COMMAND (ALL CHANNELS)
B49: 0 | C49: =I5 -> V | D49: 100 | E49: 0 | F49: 0 | G49: =IF(C49="V", DEC2HEX(ROUND(D49/100*10000,0),4), DEC2HEX(ROUND(E49/100*10000,0),4)) -> 2710 | H49: =DEC2HEX(F49*10,3) -> 000 | I49: =DEC2HEX(E47-48,1) -> 2 | K49: ="DCW["&(B49+$N$46)&"]("&I49&H49&G49&")" -> DCW[282](20002710) | Q49: ="DCM("&$N$46+B49&":"&I49&H49&G49&";" &$N$46+B50&":"&I50&H50&G50&";" &$N$46+B51&":"&I51&H51&G51&";" &$N$46+B52&":"&I52&H52&G52&";" &$N$46+B53&":"&I53&H53&G53&";" &$N$46+B54&":"&I54&H54&G54&";" &$N$46+B55&":"&I55&H55&G55&";" &$N$46+B56&":"&I56&H56&G56&";" &$N$46+B57&":"&I57&H57&G57&";" &$N$46+B58&":"&I58&H58&G58&";" &$N$46+B59&":"&I59&H59&G59&";" &$N$46+B60&":"&I60&H60&G60&";" &$N$46+B61&":"&I61&H61&G61&";" &$N$46+B62&":"&I62&H62&G62&";" &$N$46+B63&":"&I63&H63&G63&";" &$N$46+B64&":"&I64&H64&G64&";" &$N$46+B65&":"&I65&H65&G65&";" &$N$46+B66&":"&I66&H66&G66&";" &$N$46+B67&":"&I67&H67&G67&";" &$N$46+B68&":"&I68&H68&G68&";" &$N$46+B69&":"&I69&H69&G69&";" &$N$46+B70&":"&I70&H70&G70&";" &$N$46+B71&":"&I71&H71&G71&";" &$N$46+B72&":"&I72&H72&G72&";" &$N$46+B73&":"&I73&H73&G73&";" &$N$46+B74&":"&I74&H74&G74&";" &$N$46+B75&":"&I75&H75&G75&";" &$N$46+B76&":"&I76&H76&G77&";" &$N$46+B78&":"&I78&H78&G78&";" &$N$46+B79&":"&I79&H79&G79&";" &$N$46+B80&":"&I80&H80&G80&")" -> DCM(282:20002710;283:00004E20;284:00009C40;285:00002710;286:00004E20;287:00009C40;288:00000000;289:05780000;290:064002BC;291:07080000;292:07D00384;293:04B00BB8;294:0A2803E8;295:0AF0044C;296:0BB804B0;297:0C800514;298:00000000;299:00000000;300:00000000;301:00000000;302:00000000;303:00000000;304:00000000;305:00000000;306:00000000;307:00000000;308:00000000;309:00000000;311:00000000;312:00000000;313:00000000)
B50: =1+B49 -> 1 | C50: =J5 -> V | D50: 200 | E50: 1 | F50: 0 | G50: =IF(C50="V", DEC2HEX(ROUND(D50/100*10000,0),4), DEC2HEX(ROUND(E50/100*10000,0),4)) -> 4E20 | H50: =DEC2HEX(F50*10,3) -> 000 | I50: 0 | K50: ="DCW["&(B50+$N$46)&"]("&I50&H50&G50&")" -> DCW[283](00004E20)
B51: =1+B50 -> 2 | C51: =K5 -> V | D51: 400 | E51: 2 | F51: 0 | G51: =IF(C51="V", DEC2HEX(ROUND(D51/100*10000,0),4), DEC2HEX(ROUND(E51/100*10000,0),4)) -> 9C40 | H51: =DEC2HEX(F51*10,3) -> 000 | I51: 0 | K51: ="DCW["&(B51+$N$46)&"]("&I51&H51&G51&")" -> DCW[284](00009C40) | Q51: COMBINED COMMAND (16 CHANNELS)
B52: =1+B51 -> 3 | C52: =L5 -> I(CT) | E52: 100 | F52: 0 | G52: =IF(C52="V", DEC2HEX(ROUND(D52/100*10000,0),4), DEC2HEX(ROUND(E52/100*10000,0),4)) -> 2710 | H52: =DEC2HEX(F52*10,3) -> 000 | I52: 0 | K52: ="DCW["&(B52+$N$46)&"]("&I52&H52&G52&")" -> DCW[285](00002710) | Q52: ="DCM("&$N$46+B49&":"&I49&H49&G49&";" &$N$46+B50&":"&I50&H50&G50&";" &$N$46+B51&":"&I51&H51&G51&";" &$N$46+B52&":"&I52&H52&G52&";" &$N$46+B53&":"&I53&H53&G53&";" &$N$46+B54&":"&I54&H54&G54&";" &$N$46+B55&":"&I55&H55&G55&";" &$N$46+B56&":"&I56&H56&G56&";" &$N$46+B57&":"&I57&H57&G57&";" &$N$46+B58&":"&I58&H58&G58&";" &$N$46+B59&":"&I59&H59&G59&";" &$N$46+B60&":"&I60&H60&G60&";" &$N$46+B61&":"&I61&H61&G61&";" &$N$46+B62&":"&I62&H62&G62&";" &$N$46+B63&":"&I63&H63&G63&";" &$N$46+B64&":"&I64&H64&G64&")" -> DCM(282:20002710;283:00004E20;284:00009C40;285:00002710;286:00004E20;287:00009C40;288:00000000;289:05780000;290:064002BC;291:07080000;292:07D00384;293:04B00BB8;294:0A2803E8;295:0AF0044C;296:0BB804B0;297:0C800514)
B53: =1+B52 -> 4 | C53: =M5 -> I(CT) | D53: 0 | E53: 200 | F53: 0 | G53: =IF(C53="V", DEC2HEX(ROUND(D53/100*10000,0),4), DEC2HEX(ROUND(E53/100*10000,0),4)) -> 4E20 | H53: =DEC2HEX(F53*10,3) -> 000 | I53: 0 | K53: ="DCW["&(B53+$N$46)&"]("&I53&H53&G53&")" -> DCW[286](00004E20)
B54: =1+B53 -> 5 | C54: =N5 -> I(CT) | D54: 0 | E54: 400 | F54: 0 | G54: =IF(C54="V", DEC2HEX(ROUND(D54/100*10000,0),4), DEC2HEX(ROUND(E54/100*10000,0),4)) -> 9C40 | H54: =DEC2HEX(F54*10,3) -> 000 | I54: 0 | K54: ="DCW["&(B54+$N$46)&"]("&I54&H54&G54&")" -> DCW[287](00009C40) | Q54: COMBINED COMMAND (12 CHANNELS)
B55: =1+B54 -> 6 | C55: =O5 -> I(CT) | D55: 25 | E55: 0 | F55: 0 | G55: =IF(C55="V", DEC2HEX(ROUND(D55/100*10000,0),4), DEC2HEX(ROUND(E55/100*10000,0),4)) -> 0000 | H55: =DEC2HEX(F55*10,3) -> 000 | I55: 0 | K55: ="DCW["&(B55+$N$46)&"]("&I55&H55&G55&")" -> DCW[288](00000000) | Q55: ="DCM("&$N$46+B49&":"&I49&H49&G49&";" &$N$46+B50&":"&I50&H50&G50&";" &$N$46+B51&":"&I51&H51&G51&";" &$N$46+B52&":"&I52&H52&G52&";" &$N$46+B53&":"&I53&H53&G53&";" &$N$46+B54&":"&I54&H54&G54&";" &$N$46+B55&":"&I55&H55&G55&";" &$N$46+B56&":"&I56&H56&G56&";" &$N$46+B57&":"&I57&H57&G57&";" &$N$46+B58&":"&I58&H58&G58&";" &$N$46+B59&":"&I59&H59&G59&";" &$N$46+B60&":"&I60&H60&G60&")" -> DCM(282:20002710;283:00004E20;284:00009C40;285:00002710;286:00004E20;287:00009C40;288:00000000;289:05780000;290:064002BC;291:07080000;292:07D00384;293:04B00BB8)
B56: =1+B55 -> 7 | C56: =P5 -> V | D56: 0 | E56: 6 | F56: 140 | G56: =IF(C56="V", DEC2HEX(ROUND(D56/100*10000,0),4), DEC2HEX(ROUND(E56/100*10000,0),4)) -> 0000 | H56: =DEC2HEX(F56*10,3) -> 578 | I56: 0 | K56: ="DCW["&(B56+$N$46)&"]("&I56&H56&G56&")" -> DCW[289](05780000)
B57: =1+B56 -> 8 | C57: =Q5 -> I(CT) | D57: 0 | E57: 7 | F57: 160 | G57: =IF(C57="V", DEC2HEX(ROUND(D57/100*10000,0),4), DEC2HEX(ROUND(E57/100*10000,0),4)) -> 02BC | H57: =DEC2HEX(F57*10,3) -> 640 | I57: 0 | K57: ="DCW["&(B57+$N$46)&"]("&I57&H57&G57&")" -> DCW[290](064002BC) | Q57: COMBINED COMMAND (8 CHANNELS)
B58: =1+B57 -> 9 | C58: =R5 -> V | D58: 0 | E58: 8 | F58: 180 | G58: =IF(C58="V", DEC2HEX(ROUND(D58/100*10000,0),4), DEC2HEX(ROUND(E58/100*10000,0),4)) -> 0000 | H58: =DEC2HEX(F58*10,3) -> 708 | I58: 0 | K58: ="DCW["&(B58+$N$46)&"]("&I58&H58&G58&")" -> DCW[291](07080000) | Q58: ="DCM("&$N$46+B49&":"&I49&H49&G49&";" &$N$46+B50&":"&I50&H50&G50&";" &$N$46+B51&":"&I51&H51&G51&";" &$N$46+B52&":"&I52&H52&G52&";" &$N$46+B53&":"&I53&H53&G53&";" &$N$46+B54&":"&I54&H54&G54&";" &$N$46+B55&":"&I55&H55&G55&";" &$N$46+B56&":"&I56&H56&G56&")" -> DCM(282:20002710;283:00004E20;284:00009C40;285:00002710;286:00004E20;287:00009C40;288:00000000;289:05780000)
B59: =1+B58 -> 10 | C59: =S5 -> I(CT) | D59: 0 | E59: 9 | F59: 200 | G59: =IF(C59="V", DEC2HEX(ROUND(D59/100*10000,0),4), DEC2HEX(ROUND(E59/100*10000,0),4)) -> 0384 | H59: =DEC2HEX(F59*10,3) -> 7D0 | I59: 0 | K59: ="DCW["&(B59+$N$46)&"]("&I59&H59&G59&")" -> DCW[292](07D00384)
B60: =1+B59 -> 11 | C60: =T5 -> V | D60: 30 | E60: 0 | F60: 120 | G60: =IF(C60="V", DEC2HEX(ROUND(D60/100*10000,0),4), DEC2HEX(ROUND(E60/100*10000,0),4)) -> 0BB8 | H60: =DEC2HEX(F60*10,3) -> 4B0 | I60: 0 | K60: ="DCW["&(B60+$N$46)&"]("&I60&H60&G60&")" -> DCW[293](04B00BB8)
B61: =1+B60 -> 12 | C61: =U5 -> I(CT) | D61: 0 | E61: 10 | F61: 260 | G61: =IF(C61="V", DEC2HEX(ROUND(D61/100*10000,0),4), DEC2HEX(ROUND(E61/100*10000,0),4)) -> 03E8 | H61: =DEC2HEX(F61*10,3) -> A28 | I61: 0 | K61: ="DCW["&(B61+$N$46)&"]("&I61&H61&G61&")" -> DCW[294](0A2803E8) | AU61: SWELL/OVERCURRENT/SAG COMMAND GENERATOR
B62: =1+B61 -> 13 | C62: =V5 -> I(CT) | D62: 0 | E62: 11 | F62: 280 | G62: =IF(C62="V", DEC2HEX(ROUND(D62/100*10000,0),4), DEC2HEX(ROUND(E62/100*10000,0),4)) -> 044C | H62: =DEC2HEX(F62*10,3) -> AF0 | I62: 0 | K62: ="DCW["&(B62+$N$46)&"]("&I62&H62&G62&")" -> DCW[295](0AF0044C) | AU62: Offset = 42 for SWELL/OC; 74 for SAG
B63: =1+B62 -> 14 | C63: =W5 -> I(CT) | D63: 0 | E63: 12 | F63: 300 | G63: =IF(C63="V", DEC2HEX(ROUND(D63/100*10000,0),4), DEC2HEX(ROUND(E63/100*10000,0),4)) -> 04B0 | H63: =DEC2HEX(F63*10,3) -> BB8 | I63: 0 | K63: ="DCW["&(B63+$N$46)&"]("&I63&H63&G63&")" -> DCW[296](0BB804B0) | AU63: Offset | AV63: x | AW63: Reg | AX63: V/I | AY63: CMD_V | AZ63: SWELL/OV or SAG VALUE | BB63: CMD | BG63: COMBINED CMD
B64: =1+B63 -> 15 | C64: =X5 -> I(CT) | D64: 0 | E64: 13 | F64: 320 | G64: =IF(C64="V", DEC2HEX(ROUND(D64/100*10000,0),4), DEC2HEX(ROUND(E64/100*10000,0),4)) -> 0514 | H64: =DEC2HEX(F64*10,3) -> C80 | I64: 0 | K64: ="DCW["&(B64+$N$46)&"]("&I64&H64&G64&")" -> DCW[297](0C800514) | AU64: 74 | AV64: 0 | AW64: =AV64+$AU$64 -> 74 | AX64: =IF($I$6=3, "V", "I") -> V | AY64: =IF(AX64="V",$AE$7,$AK$7) -> 19CC00 | AZ64: 7 | BA64: =DEC2HEX(ROUND((AZ64/HEX2DEC(AY64)*2^10)^2*2^32,0),8) -> 00012D98 | BB64: ="DCW["&AW64&"]("&BA64&")" -> DCW[74](00012D98)
B65: =1+B64 -> 16 | C65: =Y5 -> I(CT) | D65: 0 | E65: 0 | F65: 0 | G65: =IF(C65="V", DEC2HEX(ROUND(D65/100*10000,0),4), DEC2HEX(ROUND(E65/100*10000,0),4)) -> 0000 | H65: =DEC2HEX(F65*10,3) -> 000 | I65: 0 | K65: ="DCW["&(B65+$N$46)&"]("&I65&H65&G65&")" -> DCW[298](00000000) | U65: =DEC2HEX(E52/100*10000,4) -> 2710 | AV65: =1+AV64 -> 1 | AW65: =AV65+$AU$64 -> 75 | AX65: =IF($J$6=3, "V", "I") -> V | AY65: =IF(AX65="V",$AE$7,$AK$7) -> 19CC00 | AZ65: 25 | BA65: =DEC2HEX(ROUND((AZ65/HEX2DEC(AY65)*2^10)^2*2^32,0),8) -> 000F06DB | BB65: ="DCW["&AW65&"]("&BA65&")" -> DCW[75](000F06DB)
B66: =1+B65 -> 17 | C66: =Z5 -> I(CT) | D66: 0 | E66: 0 | F66: 0 | G66: =IF(C66="V", DEC2HEX(ROUND(D66/100*10000,0),4), DEC2HEX(ROUND(E66/100*10000,0),4)) -> 0000 | H66: =DEC2HEX(F66*10,3) -> 000 | I66: 0 | K66: ="DCW["&(B66+$N$46)&"]("&I66&H66&G66&")" -> DCW[299](00000000) | U66: =E52/100*10000 -> 10000 | AV66: =1+AV65 -> 2 | AW66: =AV66+$AU$64 -> 76 | AX66: =IF($K$6=3, "V", "I") -> V | AY66: =IF(AX66="V",$AE$7,$AK$7) -> 19CC00 | AZ66: 29 | BA66: =DEC2HEX(ROUND((AZ66/HEX2DEC(AY66)*2^10)^2*2^32,0),8) -> 00143854 | BB66: ="DCW["&AW66&"]("&BA66&")" -> DCW[76](00143854) | BG66: 16 CHANNELS
B67: =1+B66 -> 18 | C67: =AA5 -> I(CT) | D67: 0 | E67: 0 | F67: 0 | G67: =IF(C67="V", DEC2HEX(ROUND(D67/100*10000,0),4), DEC2HEX(ROUND(E67/100*10000,0),4)) -> 0000 | H67: =DEC2HEX(F67*10,3) -> 000 | I67: 0 | K67: ="DCW["&(B67+$N$46)&"]("&I67&H67&G67&")" -> DCW[300](00000000) | U67: =DEC2HEX(3,4) -> 0003 | AV67: =1+AV66 -> 3 | AW67: =AV67+$AU$64 -> 77 | AX67: =IF($L$6=3, "V", "I") -> I | AY67: =IF(AX67="V",$AE$7,$AK$7) -> 9A523 | AZ67: 39 | BA67: =DEC2HEX(ROUND((AZ67/HEX2DEC(AY67)*2^10)^2*2^32,0),8) -> 010599C5 | BB67: ="DCW["&AW67&"]("&BA67&")" -> DCW[77](010599C5) | BG67: ="DCM("&AW64&":"&BA64&";" &AW65&":"&BA65&";" &AW66&":"&BA66&";" &AW67&":"&BA67&";" &AW68&":"&BA68&";" &AW69&":"&BA69&";" &AW70&":"&BA70&";" &AW71&":"&BA71&";" &AW72&":"&BA72&";" &AW73&":"&BA73&";" &AW74&":"&BA74&";" &AW75&":"&BA75&";" &AW76&":"&BA76&";" &AW77&":"&BA77&";" &AW78&":"&BA78&";" &AW79&":"&BA79 &")" -> DCM(74:00012D98;75:000F06DB;76:00143854;77:010599C5;78:021B5E5F;79:006B7ECF;80:044CC098;81:007CA35A;82:0B5AAC92;83:030AFCF1;84:06103B97;85:02B6D68E;86:1DA0DF1A;87:238A67EB;88:251A49E3;89:30FA41C7)
B68: =1+B67 -> 19 | C68: =AB5 -> I(CT) | D68: 0 | E68: 0 | F68: 0 | G68: =IF(C68="V", DEC2HEX(ROUND(D68/100*10000,0),4), DEC2HEX(ROUND(E68/100*10000,0),4)) -> 0000 | H68: =DEC2HEX(F68*10,3) -> 000 | I68: 0 | K68: ="DCW["&(B68+$N$46)&"]("&I68&H68&G68&")" -> DCW[301](00000000) | AV68: =1+AV67 -> 4 | AW68: =AV68+$AU$64 -> 78 | AX68: =IF($M$6=3, "V", "I") -> I | AY68: =IF(AX68="V",$AE$7,$AK$7) -> 9A523 | AZ68: 56 | BA68: =DEC2HEX(ROUND((AZ68/HEX2DEC(AY68)*2^10)^2*2^32,0),8) -> 021B5E5F | BB68: ="DCW["&AW68&"]("&BA68&")" -> DCW[78](021B5E5F)
B69: =1+B68 -> 20 | C69: =AC5 -> I(CT) | D69: 0 | E69: 0 | F69: 0 | G69: =IF(C69="V", DEC2HEX(ROUND(D69/100*10000,0),4), DEC2HEX(ROUND(E69/100*10000,0),4)) -> 0000 | H69: =DEC2HEX(F69*10,3) -> 000 | I69: 0 | K69: ="DCW["&(B69+$N$46)&"]("&I69&H69&G69&")" -> DCW[302](00000000) | AV69: =1+AV68 -> 5 | AW69: =AV69+$AU$64 -> 79 | AX69: =IF($N$6=3, "V", "I") -> I | AY69: =IF(AX69="V",$AE$7,$AK$7) -> 9A523 | AZ69: 25 | BA69: =DEC2HEX(ROUND((AZ69/HEX2DEC(AY69)*2^10)^2*2^32,0),8) -> 006B7ECF | BB69: ="DCW["&AW69&"]("&BA69&")" -> DCW[79](006B7ECF)
B70: =1+B69 -> 21 | C70: =AD5 -> I(CT) | D70: 0 | E70: 0 | F70: 0 | G70: =IF(C70="V", DEC2HEX(ROUND(D70/100*10000,0),4), DEC2HEX(ROUND(E70/100*10000,0),4)) -> 0000 | H70: =DEC2HEX(F70*10,3) -> 000 | I70: 0 | K70: ="DCW["&(B70+$N$46)&"]("&I70&H70&G70&")" -> DCW[303](00000000) | AV70: =1+AV69 -> 6 | AW70: =AV70+$AU$64 -> 80 | AX70: =IF($O$6=3, "V", "I") -> I | AY70: =IF(AX70="V",$AE$7,$AK$7) -> 9A523 | AZ70: 80 | BA70: =DEC2HEX(ROUND((AZ70/HEX2DEC(AY70)*2^10)^2*2^32,0),8) -> 044CC098 | BB70: ="DCW["&AW70&"]("&BA70&")" -> DCW[80](044CC098)
B71: =1+B70 -> 22 | C71: =AE5 -> I(CT) | D71: 0 | E71: 0 | F71: 0 | G71: =IF(C71="V", DEC2HEX(ROUND(D71/100*10000,0),4), DEC2HEX(ROUND(E71/100*10000,0),4)) -> 0000 | H71: =DEC2HEX(F71*10,3) -> 000 | I71: 0 | K71: ="DCW["&(B71+$N$46)&"]("&I71&H71&G71&")" -> DCW[304](00000000) | AV71: =1+AV70 -> 7 | AW71: =AV71+$AU$64 -> 81 | AX71: =IF($P$6=3, "V", "I") -> V | AY71: =IF(AX71="V",$AE$7,$AK$7) -> 19CC00 | AZ71: 72 | BA71: =DEC2HEX(ROUND((AZ71/HEX2DEC(AY71)*2^10)^2*2^32,0),8) -> 007CA35A | BB71: ="DCW["&AW71&"]("&BA71&")" -> DCW[81](007CA35A)
B72: =1+B71 -> 23 | C72: =AF5 -> I(CT) | D72: 0 | E72: 0 | F72: 0 | G72: =IF(C72="V", DEC2HEX(ROUND(D72/100*10000,0),4), DEC2HEX(ROUND(E72/100*10000,0),4)) -> 0000 | H72: =DEC2HEX(F72*10,3) -> 000 | I72: 0 | K72: ="DCW["&(B72+$N$46)&"]("&I72&H72&G72&")" -> DCW[305](00000000) | AV72: =1+AV71 -> 8 | AW72: =AV72+$AU$64 -> 82 | AX72: =IF($Q$6=3, "V", "I") -> I | AY72: =IF(AX72="V",$AE$7,$AK$7) -> 9A523 | AZ72: 130 | BA72: =DEC2HEX(ROUND((AZ72/HEX2DEC(AY72)*2^10)^2*2^32,0),8) -> 0B5AAC92 | BB72: ="DCW["&AW72&"]("&BA72&")" -> DCW[82](0B5AAC92)
B73: =1+B72 -> 24 | C73: =AG5 -> I(CT) | D73: 0 | E73: 0 | F73: 0 | G73: =IF(C73="V", DEC2HEX(ROUND(D73/100*10000,0),4), DEC2HEX(ROUND(E73/100*10000,0),4)) -> 0000 | H73: =DEC2HEX(F73*10,3) -> 000 | I73: 0 | K73: ="DCW["&(B73+$N$46)&"]("&I73&H73&G73&")" -> DCW[306](00000000) | AV73: =1+AV72 -> 9 | AW73: =AV73+$AU$64 -> 83 | AX73: =IF($R$6=3, "V", "I") -> V | AY73: =IF(AX73="V",$AE$7,$AK$7) -> 19CC00 | AZ73: 180 | BA73: =DEC2HEX(ROUND((AZ73/HEX2DEC(AY73)*2^10)^2*2^32,0),8) -> 030AFCF1 | BB73: ="DCW["&AW73&"]("&BA73&")" -> DCW[83](030AFCF1)
B74: =1+B73 -> 25 | C74: =AH5 -> I(CT) | D74: 0 | E74: 0 | F74: 0 | G74: =IF(C74="V", DEC2HEX(ROUND(D74/100*10000,0),4), DEC2HEX(ROUND(E74/100*10000,0),4)) -> 0000 | H74: =DEC2HEX(F74*10,3) -> 000 | I74: 0 | K74: ="DCW["&(B74+$N$46)&"]("&I74&H74&G74&")" -> DCW[307](00000000) | AV74: =1+AV73 -> 10 | AW74: =AV74+$AU$64 -> 84 | AX74: =IF($S$6=3, "V", "I") -> I | AY74: =IF(AX74="V",$AE$7,$AK$7) -> 9A523 | AZ74: 95 | BA74: =DEC2HEX(ROUND((AZ74/HEX2DEC(AY74)*2^10)^2*2^32,0),8) -> 06103B97 | BB74: ="DCW["&AW74&"]("&BA74&")" -> DCW[84](06103B97)
B75: =1+B74 -> 26 | C75: =AI5 -> I(CT) | D75: 0 | E75: 0 | F75: 0 | G75: =IF(C75="V", DEC2HEX(ROUND(D75/100*10000,0),4), DEC2HEX(ROUND(E75/100*10000,0),4)) -> 0000 | H75: =DEC2HEX(F75*10,3) -> 000 | I75: 0 | K75: ="DCW["&(B75+$N$46)&"]("&I75&H75&G75&")" -> DCW[308](00000000) | AV75: =1+AV74 -> 11 | AW75: =AV75+$AU$64 -> 85 | AX75: =IF($T$6=3, "V", "I") -> V | AY75: =IF(AX75="V",$AE$7,$AK$7) -> 19CC00 | AZ75: 170 | BA75: =DEC2HEX(ROUND((AZ75/HEX2DEC(AY75)*2^10)^2*2^32,0),8) -> 02B6D68E | BB75: ="DCW["&AW75&"]("&BA75&")" -> DCW[85](02B6D68E)
B76: =1+B75 -> 27 | C76: =AJ5 -> I(CT) | D76: 0 | E76: 0 | F76: 0 | G76: =IF(C76="V", DEC2HEX(ROUND(D76/100*10000,0),4), DEC2HEX(ROUND(E76/100*10000,0),4)) -> 0000 | H76: =DEC2HEX(F76*10,3) -> 000 | I76: 0 | K76: ="DCW["&(B76+$N$46)&"]("&I76&H76&G76&")" -> DCW[309](00000000) | AV76: =1+AV75 -> 12 | AW76: =AV76+$AU$64 -> 86 | AX76: =IF($U$6=3, "V", "I") -> I | AY76: =IF(AX76="V",$AE$7,$AK$7) -> 9A523 | AZ76: 210 | BA76: =DEC2HEX(ROUND((AZ76/HEX2DEC(AY76)*2^10)^2*2^32,0),8) -> 1DA0DF1A | BB76: ="DCW["&AW76&"]("&BA76&")" -> DCW[86](1DA0DF1A)
B77: =1+B76 -> 28 | C77: =AK5 -> I(CT) | D77: 0 | E77: 0 | F77: 0 | G77: =IF(C77="V", DEC2HEX(ROUND(D77/100*10000,0),4), DEC2HEX(ROUND(E77/100*10000,0),4)) -> 0000 | H77: =DEC2HEX(F77*10,3) -> 000 | I77: 0 | K77: ="DCW["&(B77+$N$46)&"]("&I77&H77&G77&")" -> DCW[310](00000000) | AV77: =1+AV76 -> 13 | AW77: =AV77+$AU$64 -> 87 | AX77: =IF($V$6=3, "V", "I") -> I | AY77: =IF(AX77="V",$AE$7,$AK$7) -> 9A523 | AZ77: 230 | BA77: =DEC2HEX(ROUND((AZ77/HEX2DEC(AY77)*2^10)^2*2^32,0),8) -> 238A67EB | BB77: ="DCW["&AW77&"]("&BA77&")" -> DCW[87](238A67EB)
B78: =1+B77 -> 29 | C78: =AL5 -> I(CT) | D78: 0 | E78: 0 | F78: 0 | G78: =IF(C78="V", DEC2HEX(ROUND(D78/100*10000,0),4), DEC2HEX(ROUND(E78/100*10000,0),4)) -> 0000 | H78: =DEC2HEX(F78*10,3) -> 000 | I78: 0 | K78: ="DCW["&(B78+$N$46)&"]("&I78&H78&G78&")" -> DCW[311](00000000) | AV78: =1+AV77 -> 14 | AW78: =AV78+$AU$64 -> 88 | AX78: =IF($W$6=3, "V", "I") -> I | AY78: =IF(AX78="V",$AE$7,$AK$7) -> 9A523 | AZ78: 235 | BA78: =DEC2HEX(ROUND((AZ78/HEX2DEC(AY78)*2^10)^2*2^32,0),8) -> 251A49E3 | BB78: ="DCW["&AW78&"]("&BA78&")" -> DCW[88](251A49E3)
B79: =1+B78 -> 30 | C79: =AM5 -> I(CT) | D79: 0 | E79: 0 | F79: 0 | G79: =IF(C79="V", DEC2HEX(ROUND(D79/100*10000,0),4), DEC2HEX(ROUND(E79/100*10000,0),4)) -> 0000 | H79: =DEC2HEX(F79*10,3) -> 000 | I79: 0 | K79: ="DCW["&(B79+$N$46)&"]("&I79&H79&G79&")" -> DCW[312](00000000) | AV79: =1+AV78 -> 15 | AW79: =AV79+$AU$64 -> 89 | AX79: =IF($X$6=3, "V", "I") -> I | AY79: =IF(AX79="V",$AE$7,$AK$7) -> 9A523 | AZ79: 270 | BA79: =DEC2HEX(ROUND((AZ79/HEX2DEC(AY79)*2^10)^2*2^32,0),8) -> 30FA41C7 | BB79: ="DCW["&AW79&"]("&BA79&")" -> DCW[89](30FA41C7)
B80: =1+B79 -> 31 | C80: =AN5 -> I(CT) | D80: 0 | E80: 0 | F80: 0 | G80: =IF(C80="V", DEC2HEX(ROUND(D80/100*10000,0),4), DEC2HEX(ROUND(E80/100*10000,0),4)) -> 0000 | H80: =DEC2HEX(F80*10,3) -> 000 | I80: 0 | K80: ="DCW["&(B80+$N$46)&"]("&I80&H80&G80&")" -> DCW[313](00000000) | AV80: =1+AV79 -> 16 | AW80: =AV80+$AU$64 -> 90 | AX80: =IF($Y$6=3, "V", "I") -> I | AY80: =IF(AX80="V",$AE$7,$AK$7) -> 9A523 | BB80: ="DCW["&AW80&"]("&BA80&")" -> DCW[90]()
AV81: =1+AV80 -> 17 | AW81: =AV81+$AU$64 -> 91 | AX81: =IF($Z$6=3, "V", "I") -> I | AY81: =IF(AX81="V",$AE$7,$AK$7) -> 9A523 | BB81: ="DCW["&AW81&"]("&BA81&")" -> DCW[91]()
B82: EXPECTED METROLOGY QUANTITIES WHEN USING SYNTHESIZER | AV82: =1+AV81 -> 18 | AW82: =AV82+$AU$64 -> 92 | AX82: =IF($AA$6=3, "V", "I") -> I | AY82: =IF(AX82="V",$AE$7,$AK$7) -> 9A523 | BB82: ="DCW["&AW82&"]("&BA82&")" -> DCW[92]()
B83: PH number | C83: V source | D83: I source | E83: V | F83: I | G83: Angle | H83: P | I83: Q | J83: S | AV83: =1+AV82 -> 19 | AW83: =AV83+$AU$64 -> 93 | AX83: =IF($AB$6=3, "V", "I") -> I | AY83: =IF(AX83="V",$AE$7,$AK$7) -> 9A523 | BB83: ="DCW["&AW83&"]("&BA83&")" -> DCW[93]()
B84: =B14 -> 0 | C84: =C14 -> 0 | D84: =D14 -> 1 | E84: {=INDIRECT("D"&(C84+49))} -> 100 | F84: {=INDIRECT("e"&(D84+49))} -> 1 | G84: {=INDIRECT("f"&(D84+49))-INDIRECT("f"&(C84+49))} -> 0 | H84: =E84*F84*COS(RADIANS(G84)) -> 100 | I84: =E84*F84*SIN(RADIANS(G84)) -> 0 | J84: =E84*F84 -> 100 | AV84: =1+AV83 -> 20 | AW84: =AV84+$AU$64 -> 94 | AX84: =IF($AC$6=3, "V", "I") -> I | AY84: =IF(AX84="V",$AE$7,$AK$7) -> 9A523 | BB84: ="DCW["&AW84&"]("&BA84&")" -> DCW[94]()
B85: =B15 -> 1 | C85: =C15 -> 0 | D85: =D15 -> 2 | E85: {=INDIRECT("D"&(C85+49))} -> 100 | F85: {=INDIRECT("e"&(D85+49))} -> 2 | G85: {=INDIRECT("f"&(D85+49))-INDIRECT("f"&(C85+49))} -> 0 | H85: =E85*F85*COS(RADIANS(G85)) -> 200 | I85: =E85*F85*SIN(RADIANS(G85)) -> 0 | J85: =E85*F85 -> 200 | AV85: =1+AV84 -> 21 | AW85: =AV85+$AU$64 -> 95 | AX85: =IF($AD$6=3, "V", "I") -> I | AY85: =IF(AX85="V",$AE$7,$AK$7) -> 9A523 | BB85: ="DCW["&AW85&"]("&BA85&")" -> DCW[95]()
B86: =B16 -> 2 | C86: =C16 -> 0 | D86: =D16 -> 3 | E86: {=INDIRECT("D"&(C86+49))} -> 100 | F86: {=INDIRECT("e"&(D86+49))} -> 100 | G86: {=INDIRECT("f"&(D86+49))-INDIRECT("f"&(C86+49))} -> 0 | H86: =E86*F86*COS(RADIANS(G86)) -> 10000 | I86: =E86*F86*SIN(RADIANS(G86)) -> 0 | J86: =E86*F86 -> 10000 | AV86: =1+AV85 -> 22 | AW86: =AV86+$AU$64 -> 96 | AX86: =IF($AE$6=3, "V", "I") -> I | AY86: =IF(AX86="V",$AE$7,$AK$7) -> 9A523 | BB86: ="DCW["&AW86&"]("&BA86&")" -> DCW[96]()
B87: =B17 -> 3 | C87: =C17 -> 0 | D87: =D17 -> 4 | E87: {=INDIRECT("D"&(C87+49))} -> 100 | F87: {=INDIRECT("e"&(D87+49))} -> 200 | G87: {=INDIRECT("f"&(D87+49))-INDIRECT("f"&(C87+49))} -> 0 | H87: =E87*F87*COS(RADIANS(G87)) -> 20000 | I87: =E87*F87*SIN(RADIANS(G87)) -> 0 | J87: =E87*F87 -> 20000 | AV87: =1+AV86 -> 23 | AW87: =AV87+$AU$64 -> 97 | AX87: =IF($AF$6=3, "V", "I") -> I | AY87: =IF(AX87="V",$AE$7,$AK$7) -> 9A523 | BB87: ="DCW["&AW87&"]("&BA87&")" -> DCW[97]()
B88: =B18 -> 4 | C88: =C18 -> 0 | D88: =D18 -> 5 | E88: {=INDIRECT("D"&(C88+49))} -> 100 | F88: {=INDIRECT("e"&(D88+49))} -> 400 | G88: {=INDIRECT("f"&(D88+49))-INDIRECT("f"&(C88+49))} -> 0 | H88: =E88*F88*COS(RADIANS(G88)) -> 40000 | I88: =E88*F88*SIN(RADIANS(G88)) -> 0 | J88: =E88*F88 -> 40000 | AV88: =1+AV87 -> 24 | AW88: =AV88+$AU$64 -> 98 | AX88: =IF($AG$6=3, "V", "I") -> I | AY88: =IF(AX88="V",$AE$7,$AK$7) -> 9A523 | BB88: ="DCW["&AW88&"]("&BA88&")" -> DCW[98]()
B89: =B19 -> 5 | C89: =C19 -> 6 | D89: =D19 -> 7 | E89: {=INDIRECT("D"&(C89+49))} -> 25 | F89: {=INDIRECT("e"&(D89+49))} -> 6 | G89: {=INDIRECT("f"&(D89+49))-INDIRECT("f"&(C89+49))} -> 140 | H89: =E89*F89*COS(RADIANS(G89)) -> -114.90667 | I89: =E89*F89*SIN(RADIANS(G89)) -> 96.418141 | J89: =E89*F89 -> 150 | AV89: =1+AV88 -> 25 | AW89: =AV89+$AU$64 -> 99 | AX89: =IF($AH$6=3, "V", "I") -> I | AY89: =IF(AX89="V",$AE$7,$AK$7) -> 9A523 | BB89: ="DCW["&AW89&"]("&BA89&")" -> DCW[99]()
B90: =B20 -> 6 | C90: =C20 -> 6 | D90: =D20 -> 8 | E90: {=INDIRECT("D"&(C90+49))} -> 25 | F90: {=INDIRECT("e"&(D90+49))} -> 7 | G90: {=INDIRECT("f"&(D90+49))-INDIRECT("f"&(C90+49))} -> 160 | H90: =E90*F90*COS(RADIANS(G90)) -> -164.44621 | I90: =E90*F90*SIN(RADIANS(G90)) -> 59.853525 | J90: =E90*F90 -> 175 | AV90: =1+AV89 -> 26 | AW90: =AV90+$AU$64 -> 100 | AX90: =IF($AI$6=3, "V", "I") -> I | AY90: =IF(AX90="V",$AE$7,$AK$7) -> 9A523 | BB90: ="DCW["&AW90&"]("&BA90&")" -> DCW[100]()
B91: =B21 -> 7 | C91: =C21 -> 6 | D91: =D21 -> 9 | E91: {=INDIRECT("D"&(C91+49))} -> 25 | F91: {=INDIRECT("e"&(D91+49))} -> 8 | G91: {=INDIRECT("f"&(D91+49))-INDIRECT("f"&(C91+49))} -> 180 | H91: =E91*F91*COS(RADIANS(G91)) -> -200 | I91: =E91*F91*SIN(RADIANS(G91)) -> 2.4502969e-14 | J91: =E91*F91 -> 200 | AV91: =1+AV90 -> 27 | AW91: =AV91+$AU$64 -> 101 | AX91: =IF($AJ$6=3, "V", "I") -> I | AY91: =IF(AX91="V",$AE$7,$AK$7) -> 9A523 | BB91: ="DCW["&AW91&"]("&BA91&")" -> DCW[101]()
B92: =B22 -> 8 | C92: =C22 -> 6 | D92: =D22 -> 10 | E92: {=INDIRECT("D"&(C92+49))} -> 25 | F92: {=INDIRECT("e"&(D92+49))} -> 9 | G92: {=INDIRECT("f"&(D92+49))-INDIRECT("f"&(C92+49))} -> 200 | H92: =E92*F92*COS(RADIANS(G92)) -> -211.43084 | I92: =E92*F92*SIN(RADIANS(G92)) -> -76.954532 | J92: =E92*F92 -> 225 | AV92: =1+AV91 -> 28 | AW92: =AV92+$AU$64 -> 102 | AX92: =IF($AK$6=3, "V", "I") -> I | AY92: =IF(AX92="V",$AE$7,$AK$7) -> 9A523 | BB92: ="DCW["&AW92&"]("&BA92&")" -> DCW[102]()
B93: =B23 -> 9 | C93: =C23 -> 11 | D93: =D23 -> 12 | E93: {=INDIRECT("D"&(C93+49))} -> 30 | F93: {=INDIRECT("e"&(D93+49))} -> 10 | G93: {=INDIRECT("f"&(D93+49))-INDIRECT("f"&(C93+49))} -> 140 | H93: =E93*F93*COS(RADIANS(G93)) -> -229.81333 | I93: =E93*F93*SIN(RADIANS(G93)) -> 192.83628 | J93: =E93*F93 -> 300 | AV93: =1+AV92 -> 29 | AW93: =AV93+$AU$64 -> 103 | AX93: =IF($AL$6=3, "V", "I") -> I | AY93: =IF(AX93="V",$AE$7,$AK$7) -> 9A523 | BB93: ="DCW["&AW93&"]("&BA93&")" -> DCW[103]()
B94: =B24 -> 10 | C94: =C24 -> 11 | D94: =D24 -> 13 | E94: {=INDIRECT("D"&(C94+49))} -> 30 | F94: {=INDIRECT("e"&(D94+49))} -> 11 | G94: {=INDIRECT("f"&(D94+49))-INDIRECT("f"&(C94+49))} -> 160 | H94: =E94*F94*COS(RADIANS(G94)) -> -310.09856 | I94: =E94*F94*SIN(RADIANS(G94)) -> 112.86665 | J94: =E94*F94 -> 330 | AV94: =1+AV93 -> 30 | AW94: =AV94+$AU$64 -> 104 | AX94: =IF($AM$6=3, "V", "I") -> I | AY94: =IF(AX94="V",$AE$7,$AK$7) -> 9A523 | BB94: ="DCW["&AW94&"]("&BA94&")" -> DCW[104]()
B95: =B25 -> 11 | C95: =C25 -> 11 | D95: =D25 -> 14 | E95: {=INDIRECT("D"&(C95+49))} -> 30 | F95: {=INDIRECT("e"&(D95+49))} -> 12 | G95: {=INDIRECT("f"&(D95+49))-INDIRECT("f"&(C95+49))} -> 180 | H95: =E95*F95*COS(RADIANS(G95)) -> -360 | I95: =E95*F95*SIN(RADIANS(G95)) -> 4.4105344e-14 | J95: =E95*F95 -> 360 | AV95: =1+AV94 -> 31 | AW95: =AV95+$AU$64 -> 105 | AX95: =IF($AN$6=3, "V", "I") -> I | AY95: =IF(AX95="V",$AE$7,$AK$7) -> 9A523 | BB95: ="DCW["&AW95&"]("&BA95&")" -> DCW[105]()
B96: =B26 -> 12 | C96: =C26 -> 11 | D96: =D26 -> 15 | E96: {=INDIRECT("D"&(C96+49))} -> 30 | F96: {=INDIRECT("e"&(D96+49))} -> 13 | G96: {=INDIRECT("f"&(D96+49))-INDIRECT("f"&(C96+49))} -> 200 | H96: =E96*F96*COS(RADIANS(G96)) -> -366.48012 | I96: =E96*F96*SIN(RADIANS(G96)) -> -133.38786 | J96: =E96*F96 -> 390
B97: =B27 -> 13 | C97: =C27 -> 0 | D97: =D27 -> 0 | E97: {=INDIRECT("D"&(C97+49))} -> 100 | F97: {=INDIRECT("e"&(D97+49))} -> 0 | G97: {=INDIRECT("f"&(D97+49))-INDIRECT("f"&(C97+49))} -> 0 | H97: =E97*F97*COS(RADIANS(G97)) -> 0 | I97: =E97*F97*SIN(RADIANS(G97)) -> 0 | J97: =E97*F97 -> 0
B98: =B28 -> 14 | C98: =C28 -> 5 | D98: =D28 -> 15 | E98: {=INDIRECT("D"&(C98+49))} -> 0 | F98: {=INDIRECT("e"&(D98+49))} -> 13 | G98: {=INDIRECT("f"&(D98+49))-INDIRECT("f"&(C98+49))} -> 320 | H98: =E98*F98*COS(RADIANS(G98)) -> 0 | I98: =E98*F98*SIN(RADIANS(G98)) -> 0 | J98: =E98*F98 -> 0
B99: =B29 -> 15 | C99: =C29 -> 5 | D99: =D29 -> 16 | E99: {=INDIRECT("D"&(C99+49))} -> 0 | F99: {=INDIRECT("e"&(D99+49))} -> 0 | G99: {=INDIRECT("f"&(D99+49))-INDIRECT("f"&(C99+49))} -> 0 | H99: =E99*F99*COS(RADIANS(G99)) -> 0 | I99: =E99*F99*SIN(RADIANS(G99)) -> 0 | J99: =E99*F99 -> 0
B100: =B30 -> 16 | C100: =C30 -> 5 | D100: =D30 -> 17 | E100: {=INDIRECT("D"&(C100+49))} -> 0 | F100: {=INDIRECT("e"&(D100+49))} -> 0 | G100: {=INDIRECT("f"&(D100+49))-INDIRECT("f"&(C100+49))} -> 0 | H100: =E100*F100*COS(RADIANS(G100)) -> 0 | I100: =E100*F100*SIN(RADIANS(G100)) -> 0 | J100: =E100*F100 -> 0
B101: =B31 -> 17 | C101: =C31 -> 11 | D101: =D31 -> 18 | E101: {=INDIRECT("D"&(C101+49))} -> 30 | F101: {=INDIRECT("e"&(D101+49))} -> 0 | G101: {=INDIRECT("f"&(D101+49))-INDIRECT("f"&(C101+49))} -> -120 | H101: =E101*F101*COS(RADIANS(G101)) -> 0 | I101: =E101*F101*SIN(RADIANS(G101)) -> 0 | J101: =E101*F101 -> 0
...

Sheet AUX_INTERNAL
C1: DO NOT EDIT THIS SHEET. IT I SUSED FOR INTERNAL CALCULATIONS
C3: AFE SELECTION | D3: CH
C4: 1 x MCP3914. 8 channels and up to 7 powers are allowed. | D4: 8
C5: 2 x MCP3914. 16 channels and up to 15 powers are allowed. | D5: 16
C6: 3 x MCP3914. 24 channels and up to 23 powers are allowed. | D6: 24
C7: 4 x MCP3914. 32 channels and up to 31 powers are allowed. | D7: 32
C8: 1 x MCP3913. 6 channels and up to 5 powers are allowed. | D8: 6
C9: 2 x MCP3913. 12 channels and up to 11 powers are allowed | D9: 12
C10: 3 x MCP3913. 18 channels and up to 17 powers are allowed. | D10: 18
C11: 4 x MCP3913. 24 channels and up to 23 powers are allowed. | D11: 24
C15: SENSOR TYPES | D15: Index
C16: I(CT) | D16: 0
C17: I(RC) | D17: 1
C18: I(SH) | D18: 2
C19: V | D19: 3
C22: POWER MATRIX
C23: Ctrl reg | D23: Param | E23: COMMAND | F23: COMBINED CMD - POWER SOURCE REGISTERS | J23: COMBINED CMD - FROM SELECTION
C24: 4 | D24: =DEC2HEX(CONFIGURATOR!C21+CONFIGURATOR!D21*256) -> 300 | E24: ="DCW["&C24&"]("&D24&")" -> DCW[4](300) | F24: ="DCM("&C24&":"&D24&")" -> DCM(4:300) | J24: {=INDIRECT(ADDRESS(ROW(F24)+CONFIGURATOR!$L$16-1,6))} -> DCM(4:4000300; 5:6010500; 6:8010701; 7:A020902; 8:B02)
C25: 4 | D25: =DEC2HEX(CONFIGURATOR!C21+CONFIGURATOR!D21*256+CONFIGURATOR!C22*2^16+CONFIGURATOR!D22*2^24) -> 4000300 | E25: ="DCW["&C25&"]("&D25&")" -> DCW[4](4000300) | F25: ="DCM("&C25&":"&D25&")" -> DCM(4:4000300) | J25: COMBINED CMD - ALL REGISTERS
C26: 5 | D26: =DEC2HEX(CONFIGURATOR!C23+CONFIGURATOR!D23*256) -> 500 | E26: ="DCW["&C26&"]("&D26&")" -> DCW[5](500) | F26: ="DCM("&C25&":"&D25&"; "&C26&":"&D26&")" -> DCM(4:4000300; 5:500) | J26: =F54 -> DCM(4:4000300; 5:6010500; 6:8010701; 7:A020902; 8:B02; 9:0; 10:0; 11:0; 12:0; 13:0; 14:0; 15:0; 16:0; 17:0; 18:0; 19:0)
C27: 5 | D27: =DEC2HEX(CONFIGURATOR!C23+CONFIGURATOR!D23*256+CONFIGURATOR!C24*2^16+CONFIGURATOR!D24*2^24) -> 6010500 | E27: ="DCW["&C27&"]("&D27&")" -> DCW[5](6010500) | F27: ="DCM("&C25&":"&D25&"; "&C27&":"&D27&")" -> DCM(4:4000300; 5:6010500)
C28: 6 | D28: =DEC2HEX(CONFIGURATOR!C25+CONFIGURATOR!D25*256) -> 701 | E28: ="DCW["&C28&"]("&D28&")" -> DCW[6](701) | F28: ="DCM("&C25&":"&D25&"; "&C27&":"&D27&"; "&C28&":"&D28&")" -> DCM(4:4000300; 5:6010500; 6:701)
C29: 6 | D29: =DEC2HEX(CONFIGURATOR!C25+CONFIGURATOR!D25*256+CONFIGURATOR!C26*2^16+CONFIGURATOR!D26*2^24) -> 8010701 | E29: ="DCW["&C29&"]("&D29&")" -> DCW[6](8010701) | F29: ="DCM("&C25&":"&D25&"; "&C27&":"&D27&"; "&C29&":"&D29&")" -> DCM(4:4000300; 5:6010500; 6:8010701)
C30: 7 | D30: =DEC2HEX(CONFIGURATOR!C27+CONFIGURATOR!D27*256) -> 902 | E30: ="DCW["&C30&"]("&D30&")" -> DCW[7](902) | F30: ="DCM("&C25&":"&D25&"; "&C27&":"&D27&"; "&C29&":"&D29&"; "&C30&":"&D30&")" -> DCM(4:4000300; 5:6010500; 6:8010701; 7:902)
C31: 7 | D31: =DEC2HEX(CONFIGURATOR!C27+CONFIGURATOR!D27*256+CONFIGURATOR!C28*2^16+CONFIGURATOR!D28*2^24) -> A020902 | E31: ="DCW["&C31&"]("&D31&")" -> DCW[7](A020902) | F31: ="DCM("&C25&":"&D25&"; "&C27&":"&D27&"; "&C29&":"&D29&";"&C31&":"&D31&")" -> DCM(4:4000300; 5:6010500; 6:8010701;7:A020902)
C32: 8 | D32: =DEC2HEX(CONFIGURATOR!C29+CONFIGURATOR!D29*256) -> B02 | E32: ="DCW["&C32&"]("&D32&")" -> DCW[8](B02) | F32: ="DCM("&C25&":"&D25&"; "&C27&":"&D27&"; "&C29&":"&D29&"; "&C31&":"&D31&"; "&C32&":"&D32&")" -> DCM(4:4000300; 5:6010500; 6:8010701; 7:A020902; 8:B02)
C33: 8 | D33: =DEC2HEX(CONFIGURATOR!C29+CONFIGURATOR!D29*256+CONFIGURATOR!C30*2^16+CONFIGURATOR!D30*2^24) -> B02 | E33: ="DCW["&C33&"]("&D33&")" -> DCW[8](B02) | F33: ="DCM("&C25&":"&D25&"; "&C27&":"&D27&"; "&C29&":"&D29&"; "&C31&":"&D31&"; "&C33&":"&D33&")" -> DCM(4:4000300; 5:6010500; 6:8010701; 7:A020902; 8:B02)
C34: 9 | D34: =DEC2HEX(CONFIGURATOR!C31+CONFIGURATOR!D31*256) -> 0 | E34: ="DCW["&C34&"]("&D34&")" -> DCW[9](0) | F34: ="DCM("&C25&":"&D25&"; "&C27&":"&D27&"; "&C29&":"&D29&"; "&C31&":"&D31&"; "&C33&":"&D33&"; "&C34&":"&D34&")" -> DCM(4:4000300; 5:6010500; 6:8010701; 7:A020902; 8:B02; 9:0)
C35: 9 | D35: =DEC2HEX(CONFIGURATOR!C31+CONFIGURATOR!D31*256+CONFIGURATOR!C32*2^16+CONFIGURATOR!D32*2^24) -> 0 | E35: ="DCW["&C35&"]("&D35&")" -> DCW[9](0) | F35: ="DCM("&C25&":"&D25&"; "&C27&":"&D27&"; "&C29&":"&D29&"; "&C31&":"&D31&"; "&C33&":"&D33&"; "&C35&":"&D35&")" -> DCM(4:4000300; 5:6010500; 6:8010701; 7:A020902; 8:B02; 9:0)
C36: 10 | D36: =DEC2HEX(CONFIGURATOR!C33+CONFIGURATOR!D33*256) -> 0 | E36: ="DCW["&C36&"]("&D36&")" -> DCW[10](0) | F36: ="DCM("&C25&":"&D25&"; "&C27&":"&D27&"; "&C29&":"&D29&"; "&C31&":"&D31&"; "&C33&":"&D33&"; "&C35&":"&D35&"; "&C36&":"&D36&")" -> DCM(4:4000300; 5:6010500; 6:8010701; 7:A020902; 8:B02; 9:0; 10:0)
C37: 10 | D37: =DEC2HEX(CONFIGURATOR!C33+CONFIGURATOR!D33*256+CONFIGURATOR!C34*2^16+CONFIGURATOR!D34*2^24) -> 0 | E37: ="DCW["&C37&"]("&D37&")" -> DCW[10](0) | F37: ="DCM("&C25&":"&D25&"; "&C27&":"&D27&"; "&C29&":"&D29&"; "&C31&":"&D31&"; "&C33&":"&D33&"; "&C35&":"&D35&"; "&C37&":"&D37&")" -> DCM(4:4000300; 5:6010500; 6:8010701; 7:A020902; 8:B02; 9:0; 10:0)
C38: 11 | D38: =DEC2HEX(CONFIGURATOR!C35+CONFIGURATOR!D35*256) -> 0 | E38: ="DCW["&C38&"]("&D38&")" -> DCW[11](0) | F38: ="DCM("&C25&":"&D25&"; "&C27&":"&D27&"; "&C29&":"&D29&"; "&C31&":"&D31&"; "&C33&":"&D33&"; "&C35&":"&D35&"; "&C37&":"&D37&"; "&C38&":"&D38&")" -> DCM(4:4000300; 5:6010500; 6:8010701; 7:A020902; 8:B02; 9:0; 10:0; 11:0)
C39: 11 | D39: =DEC2HEX(CONFIGURATOR!C35+CONFIGURATOR!D35*256+CONFIGURATOR!C36*2^16+CONFIGURATOR!D36*2^24) -> 0 | E39: ="DCW["&C39&"]("&D39&")" -> DCW[11](0) | F39: ="DCM("&C25&":"&D25&"; "&C27&":"&D27&"; "&C29&":"&D29&"; "&C31&":"&D31&"; "&C33&":"&D33&"; "&C35&":"&D35&"; "&C37&":"&D37&"; "&C39&":"&D39&")" -> DCM(4:4000300; 5:6010500; 6:8010701; 7:A020902; 8:B02; 9:0; 10:0; 11:0)
C40: 12 | D40: =DEC2HEX(CONFIGURATOR!C37+CONFIGURATOR!D37*256) -> 0 | E40: ="DCW["&C40&"]("&D40&")" -> DCW[12](0) | F40: ="DCM("&C25&":"&D25&"; "&C27&":"&D27&"; "&C29&":"&D29&";"&C31&":"&D31&"; "&C33&":"&D33&"; "&C35&":"&D35&"; "&C37&":"&D37&"; "&C39&":"&D39&"; "&C40&":"&D40&")" -> DCM(4:4000300; 5:6010500; 6:8010701;7:A020902; 8:B02; 9:0; 10:0; 11:0; 12:0)
C41: 12 | D41: =DEC2HEX(CONFIGURATOR!C37+CONFIGURATOR!D37*256+CONFIGURATOR!C38*2^16+CONFIGURATOR!D38*2^24) -> 0 | E41: ="DCW["&C41&"]("&D41&")" -> DCW[12](0) | F41: ="DCM("&C25&":"&D25&"; "&C27&":"&D27&"; "&C29&":"&D29&"; "&C31&":"&D31&"; "&C33&":"&D33&"; "&C35&":"&D35&"; "&C37&":"&D37&"; "&C39&":"&D39&"; "&C41&":"&D41&")" -> DCM(4:4000300; 5:6010500; 6:8010701; 7:A020902; 8:B02; 9:0; 10:0; 11:0; 12:0)
C42: 13 | D42: =DEC2HEX(CONFIGURATOR!C39+CONFIGURATOR!D39*256) -> 0 | E42: ="DCW["&C42&"]("&D42&")" -> DCW[13](0) | F42: ="DCM("&C25&":"&D25&"; "&C27&":"&D27&"; "&C29&":"&D29&"; "&C31&":"&D31&"; "&C33&":"&D33&"; "&C35&":"&D35&"; "&C37&":"&D37&"; "&C39&":"&D39&"; "&C41&":"&D41&"; "&C42&":"&D42&")" -> DCM(4:4000300; 5:6010500; 6:8010701; 7:A020902; 8:B02; 9:0; 10:0; 11:0; 12:0; 13:0)
C43: 13 | D43: =DEC2HEX(CONFIGURATOR!C39+CONFIGURATOR!D39*256+CONFIGURATOR!C40*2^16+CONFIGURATOR!D40*2^24) -> 0 | E43: ="DCW["&C43&"]("&D43&")" -> DCW[13](0) | F43: ="DCM("&C25&":"&D25&"; "&C27&":"&D27&"; "&C29&":"&D29&"; "&C31&":"&D31&"; "&C33&":"&D33&"; "&C35&":"&D35&"; "&C37&":"&D37&"; "&C39&":"&D39&"; "&C41&":"&D41&"; "&C43&":"&D43&")" -> DCM(4:4000300; 5:6010500; 6:8010701; 7:A020902; 8:B02; 9:0; 10:0; 11:0; 12:0; 13:0)
C44: 14 | D44: =DEC2HEX(CONFIGURATOR!C41+CONFIGURATOR!D41*256) -> 0 | E44: ="DCW["&C44&"]("&D44&")" -> DCW[14](0) | F44: ="DCM("&C25&":"&D25&"; "&C27&":"&D27&"; "&C29&":"&D29&"; "&C31&":"&D31&"; "&C33&":"&D33&"; "&C35&":"&D35&"; "&C37&":"&D37&"; "&C39&":"&D39&"; "&C41&":"&D41&"; "&C43&":"&D43&"; "&C44&":"&D44&")" -> DCM(4:4000300; 5:6010500; 6:8010701; 7:A020902; 8:B02; 9:0; 10:0; 11:0; 12:0; 13:0; 14:0)
C45: 14 | D45: =DEC2HEX(CONFIGURATOR!C41+CONFIGURATOR!D41*256+CONFIGURATOR!C42*2^16+CONFIGURATOR!D42*2^24) -> 0 | E45: ="DCW["&C45&"]("&D45&")" -> DCW[14](0) | F45: ="DCM("&C25&":"&D25&"; "&C27&":"&D27&"; "&C29&":"&D29&"; "&C31&":"&D31&"; "&C33&":"&D33&"; "&C35&":"&D35&"; "&C37&":"&D37&"; "&C39&":"&D39&"; "&C41&":"&D41&"; "&C43&":"&D43&"; "&C45&":"&D45&")" -> DCM(4:4000300; 5:6010500; 6:8010701; 7:A020902; 8:B02; 9:0; 10:0; 11:0; 12:0; 13:0; 14:0)
C46: 15 | D46: =DEC2HEX(CONFIGURATOR!C43+CONFIGURATOR!D43*256) -> 0 | E46: ="DCW["&C46&"]("&D46&")" -> DCW[15](0) | F46: ="DCM("&C25&":"&D25&"; "&C27&":"&D27&"; "&C29&":"&D29&"; "&C31&":"&D31&"; "&C33&":"&D33&"; "&C35&":"&D35&"; "&C37&":"&D37&"; "&C39&":"&D39&"; "&C41&":"&D41&"; "&C43&":"&D43&"; "&C45&":"&D45&"; "&C46&":"&D46&")" -> DCM(4:4000300; 5:6010500; 6:8010701; 7:A020902; 8:B02; 9:0; 10:0; 11:0; 12:0; 13:0; 14:0; 15:0)
C47: 15 | D47: =DEC2HEX(CONFIGURATOR!C43+CONFIGURATOR!D43*256+CONFIGURATOR!C44*2^16+CONFIGURATOR!D44*2^24) -> 0 | E47: ="DCW["&C47&"]("&D47&")" -> DCW[15](0) | F47: ="DCM("&C25&":"&D25&"; "&C27&":"&D27&"; "&C29&":"&D29&"; "&C31&":"&D31&"; "&C33&":"&D33&"; "&C35&":"&D35&"; "&C37&":"&D37&"; "&C39&":"&D39&"; "&C41&":"&D41&"; "&C43&":"&D43&"; "&C45&":"&D45&"; "&C47&":"&D47&")" -> DCM(4:4000300; 5:6010500; 6:8010701; 7:A020902; 8:B02; 9:0; 10:0; 11:0; 12:0; 13:0; 14:0; 15:0)
C48: 16 | D48: =DEC2HEX(CONFIGURATOR!C45+CONFIGURATOR!D45*256) -> 0 | E48: ="DCW["&C48&"]("&D48&")" -> DCW[16](0) | F48: ="DCM("&C25&":"&D25&"; "&C27&":"&D27&"; "&C29&":"&D29&"; "&C31&":"&D31&"; "&C33&":"&D33&"; "&C35&":"&D35&"; "&C37&":"&D37&"; "&C39&":"&D39&"; "&C41&":"&D41&"; "&C43&":"&D43&"; "&C45&":"&D45&"; "&C47&":"&D47&"; "&C48&":"&D48&")" -> DCM(4:4000300; 5:6010500; 6:8010701; 7:A020902; 8:B02; 9:0; 10:0; 11:0; 12:0; 13:0; 14:0; 15:0; 16:0)
C49: 16 | D49: =DEC2HEX(CONFIGURATOR!C45+CONFIGURATOR!D45*256+CONFIGURATOR!C46*2^16+CONFIGURATOR!D46*2^24) -> 0 | E49: ="DCW["&C49&"]("&D49&")" -> DCW[16](0) | F49: ="DCM("&C25&":"&D25&"; "&C27&":"&D27&"; "&C29&":"&D29&"; "&C31&":"&D31&"; "&C33&":"&D33&"; "&C35&":"&D35&"; "&C37&":"&D37&"; "&C39&":"&D39&"; "&C41&":"&D41&"; "&C43&":"&D43&"; "&C45&":"&D45&"; "&C47&":"&D47&"; "&C49&":"&D49&")" -> DCM(4:4000300; 5:6010500; 6:8010701; 7:A020902; 8:B02; 9:0; 10:0; 11:0; 12:0; 13:0; 14:0; 15:0; 16:0)
C50: 17 | D50: =DEC2HEX(CONFIGURATOR!C47+CONFIGURATOR!D47*256) -> 0 | E50: ="DCW["&C50&"]("&D50&")" -> DCW[17](0) | F50: ="DCM("&C25&":"&D25&"; "&C27&":"&D27&"; "&C29&":"&D29&"; "&C31&":"&D31&"; "&C33&":"&D33&"; "&C35&":"&D35&"; "&C37&":"&D37&"; "&C39&":"&D39&"; "&C41&":"&D41&"; "&C43&":"&D43&"; "&C45&":"&D45&"; "&C47&":"&D47&"; "&C49&":"&D49&"; "&C50&":"&D50&")" -> DCM(4:4000300; 5:6010500; 6:8010701; 7:A020902; 8:B02; 9:0; 10:0; 11:0; 12:0; 13:0; 14:0; 15:0; 16:0; 17:0)
C51: 17 | D51: =DEC2HEX(CONFIGURATOR!C47+CONFIGURATOR!D47*256+CONFIGURATOR!C48*2^16+CONFIGURATOR!D48*2^24) -> 0 | E51: ="DCW["&C51&"]("&D51&")" -> DCW[17](0) | F51: ="DCM("&C25&":"&D25&"; "&C27&":"&D27&"; "&C29&":"&D29&"; "&C31&":"&D31&"; "&C33&":"&D33&"; "&C35&":"&D35&"; "&C37&":"&D37&"; "&C39&":"&D39&"; "&C41&":"&D41&"; "&C43&":"&D43&"; "&C45&":"&D45&"; "&C47&":"&D47&"; "&C49&":"&D49&"; "&C51&":"&D51&")" -> DCM(4:4000300; 5:6010500; 6:8010701; 7:A020902; 8:B02; 9:0; 10:0; 11:0; 12:0; 13:0; 14:0; 15:0; 16:0; 17:0)
C52: 18 | D52: =DEC2HEX(CONFIGURATOR!C49+CONFIGURATOR!D49*256) -> 0 | E52: ="DCW["&C52&"]("&D52&")" -> DCW[18](0) | F52: ="DCM("&C25&":"&D25&"; "&C27&":"&D27&"; "&C29&":"&D29&"; "&C31&":"&D31&"; "&C33&":"&D33&"; "&C35&":"&D35&"; "&C37&":"&D37&"; "&C39&":"&D39&"; "&C41&":"&D41&"; "&C43&":"&D43&"; "&C45&":"&D45&"; "&C47&":"&D47&"; "&C49&":"&D49&"; "&C51&":"&D51&"; "&C52&":"&D52&")" -> DCM(4:4000300; 5:6010500; 6:8010701; 7:A020902; 8:B02; 9:0; 10:0; 11:0; 12:0; 13:0; 14:0; 15:0; 16:0; 17:0; 18:0)
C53: 18 | D53: =DEC2HEX(CONFIGURATOR!C49+CONFIGURATOR!D49*256+CONFIGURATOR!C50*2^16+CONFIGURATOR!D50*2^24) -> 0 | E53: ="DCW["&C53&"]("&D53&")" -> DCW[18](0) | F53: ="DCM("&C25&":"&D25&"; "&C27&":"&D27&"; "&C29&":"&D29&"; "&C31&":"&D31&"; "&C33&":"&D33&"; "&C35&":"&D35&"; "&C37&":"&D37&"; "&C39&":"&D39&"; "&C41&":"&D41&"; "&C43&":"&D43&"; "&C45&":"&D45&"; "&C47&":"&D47&"; "&C49&":"&D49&"; "&C51&":"&D51&"; "&C53&":"&D53&")" -> DCM(4:4000300; 5:6010500; 6:8010701; 7:A020902; 8:B02; 9:0; 10:0; 11:0; 12:0; 13:0; 14:0; 15:0; 16:0; 17:0; 18:0)
C54: 19 | D54: =DEC2HEX(CONFIGURATOR!C51+CONFIGURATOR!D51*256) -> 0 | E54: ="DCW["&C54&"]("&D54&")" -> DCW[19](0) | F54: ="DCM("&C25&":"&D25&"; "&C27&":"&D27&"; "&C29&":"&D29&"; "&C31&":"&D31&"; "&C33&":"&D33&"; "&C35&":"&D35&"; "&C37&":"&D37&"; "&C39&":"&D39&"; "&C41&":"&D41&"; "&C43&":"&D43&"; "&C45&":"&D45&"; "&C47&":"&D47&"; "&C49&":"&D49&"; "&C51&":"&D51&"; "&C53&":"&D53&"; "&C54&":"&D54&")" -> DCM(4:4000300; 5:6010500; 6:8010701; 7:A020902; 8:B02; 9:0; 10:0; 11:0; 12:0; 13:0; 14:0; 15:0; 16:0; 17:0; 18:0; 19:0)
C57: ADC INPUT CHANNEL CONVERSION FACTOR
C58: Ctrl reg | D58: V/I | E58: Param | F58: COMBINED CMD | J58: COMBINED CMD - JUST EXISTING CHANNELS | O58: CHANNELS | P58: =1+CONFIGURATOR!H16 -> 12
C59: 106 | D59: =CONFIGURATOR!C11 -> V | E59: =IF(D59="V",CONFIGURATOR!$O$55,CONFIGURATOR!$T$57) -> 0019CC00 | F59: ="DCM("&C59&":"&E59 &")" -> DCM(106:0019CC00) | J59: {=INDIRECT(ADDRESS(ROW(F59)+P58-1,6))} -> DCM(106:0019CC00; 107:0019CC00; 108:0019CC00; 109:0004D291; 110:0004D291; 111:0004D291; 112:0004D291; 113:0004D291; 114:0004D291; 115:0004D291; 116:0004D291; 117:0004D291)
C60: 107 | D60: =CONFIGURATOR!D11 -> V | E60: =IF(D60="V",CONFIGURATOR!$O$55,CONFIGURATOR!$T$57) -> 0019CC00 | F60: ="DCM("&C59&":"&E59 &"; "&C60&":"&E60 &")" -> DCM(106:0019CC00; 107:0019CC00)
C61: 108 | D61: =CONFIGURATOR!E11 -> V | E61: =IF(D61="V",CONFIGURATOR!$O$55,CONFIGURATOR!$T$57) -> 0019CC00 | F61: ="DCM("&C59&":"&E59 &"; "&C60&":"&E60 &"; "&C61&":"&E61 &")" -> DCM(106:0019CC00; 107:0019CC00; 108:0019CC00)
C62: 109 | D62: =CONFIGURATOR!F11 -> I(CT) | E62: =IF(D62="V",CONFIGURATOR!$O$55,CONFIGURATOR!$T$57) -> 0004D291 | F62: ="DCM("&C59&":"&E59 &"; "&C60&":"&E60 &"; "&C61&":"&E61 &"; "&C62&":"&E62 &")" -> DCM(106:0019CC00; 107:0019CC00; 108:0019CC00; 109:0004D291)
C63: 110 | D63: =CONFIGURATOR!G11 -> I(CT) | E63: =IF(D63="V",CONFIGURATOR!$O$55,CONFIGURATOR!$T$57) -> 0004D291 | F63: ="DCM("&C59&":"&E59 &"; "&C60&":"&E60 &"; "&C61&":"&E61 &"; "&C62&":"&E62 &"; "&C63&":"&E63 &")" -> DCM(106:0019CC00; 107:0019CC00; 108:0019CC00; 109:0004D291; 110:0004D291)
C64: 111 | D64: =CONFIGURATOR!H11 -> I(CT) | E64: =IF(D64="V",CONFIGURATOR!$O$55,CONFIGURATOR!$T$57) -> 0004D291 | F64: ="DCM("&C59&":"&E59 &"; "&C60&":"&E60 &"; "&C61&":"&E61 &"; "&C62&":"&E62 &"; "&C63&":"&E63 &"; "&C64&":"&E64 &")" -> DCM(106:0019CC00; 107:0019CC00; 108:0019CC00; 109:0004D291; 110:0004D291; 111:0004D291)
C65: 112 | D65: =CONFIGURATOR!I11 -> I(CT) | E65: =IF(D65="V",CONFIGURATOR!$O$55,CONFIGURATOR!$T$57) -> 0004D291 | F65: ="DCM("&C59&":"&E59 &"; "&C60&":"&E60 &"; "&C61&":"&E61 &"; "&C62&":"&E62 &"; "&C63&":"&E63 &"; "&C64&":"&E64 &"; "&C65&":"&E65 &")" -> DCM(106:0019CC00; 107:0019CC00; 108:0019CC00; 109:0004D291; 110:0004D291; 111:0004D291; 112:0004D291)
C66: 113 | D66: =CONFIGURATOR!J11 -> I(CT) | E66: =IF(D66="V",CONFIGURATOR!$O$55,CONFIGURATOR!$T$57) -> 0004D291 | F66: ="DCM("&C59&":"&E59 &"; "&C60&":"&E60 &"; "&C61&":"&E61 &"; "&C62&":"&E62 &"; "&C63&":"&E63 &"; "&C64&":"&E64 &"; "&C65&":"&E65 &"; "&C66&":"&E66 &")" -> DCM(106:0019CC00; 107:0019CC00; 108:0019CC00; 109:0004D291; 110:0004D291; 111:0004D291; 112:0004D291; 113:0004D291)
C67: 114 | D67: =CONFIGURATOR!K11 -> I(CT) | E67: =IF(D67="V",CONFIGURATOR!$O$55,CONFIGURATOR!$T$57) -> 0004D291 | F67: ="DCM("&C59&":"&E59 &"; "&C60&":"&E60 &"; "&C61&":"&E61 &"; "&C62&":"&E62 &"; "&C63&":"&E63 &"; "&C64&":"&E64 &"; "&C65&":"&E65 &"; "&C66&":"&E66 &"; "&C67&":"&E67 &")" -> DCM(106:0019CC00; 107:0019CC00; 108:0019CC00; 109:0004D291; 110:0004D291; 111:0004D291; 112:0004D291; 113:0004D291; 114:0004D291)
C68: 115 | D68: =CONFIGURATOR!L11 -> I(CT) | E68: =IF(D68="V",CONFIGURATOR!$O$55,CONFIGURATOR!$T$57) -> 0004D291 | F68: ="DCM("&C59&":"&E59 &"; "&C60&":"&E60 &"; "&C61&":"&E61 &"; "&C62&":"&E62 &"; "&C63&":"&E63 &"; "&C64&":"&E64 &"; "&C65&":"&E65 &"; "&C66&":"&E66 &"; "&C67&":"&E67 &"; "&C68&":"&E68 &")" -> DCM(106:0019CC00; 107:0019CC00; 108:0019CC00; 109:0004D291; 110:0004D291; 111:0004D291; 112:0004D291; 113:0004D291; 114:0004D291; 115:0004D291)
C69: 116 | D69: =CONFIGURATOR!M11 -> I(CT) | E69: =IF(D69="V",CONFIGURATOR!$O$55,CONFIGURATOR!$T$57) -> 0004D291 | F69: ="DCM("&C59&":"&E59 &"; "&C60&":"&E60 &"; "&C61&":"&E61 &"; "&C62&":"&E62 &"; "&C63&":"&E63 &"; "&C64&":"&E64 &"; "&C65&":"&E65 &"; "&C66&":"&E66 &"; "&C67&":"&E67 &"; "&C68&":"&E68 &"; "&C69&":"&E69 &")" -> DCM(106:0019CC00; 107:0019CC00; 108:0019CC00; 109:0004D291; 110:0004D291; 111:0004D291; 112:0004D291; 113:0004D291; 114:0004D291; 115:0004D291; 116:0004D291)
C70: 117 | D70: =CONFIGURATOR!N11 -> I(CT) | E70: =IF(D70="V",CONFIGURATOR!$O$55,CONFIGURATOR!$T$57) -> 0004D291 | F70: ="DCM("&C59&":"&E59 &"; "&C60&":"&E60 &"; "&C61&":"&E61 &"; "&C62&":"&E62 &"; "&C63&":"&E63 &"; "&C64&":"&E64 &"; "&C65&":"&E65 &"; "&C66&":"&E66 &"; "&C67&":"&E67 &"; "&C68&":"&E68 &"; "&C69&":"&E69 &"; "&C70&":"&E70 &")" -> DCM(106:0019CC00; 107:0019CC00; 108:0019CC00; 109:0004D291; 110:0004D291; 111:0004D291; 112:0004D291; 113:0004D291; 114:0004D291; 115:0004D291; 116:0004D291; 117:0004D291)
C71: 118 | D71: =CONFIGURATOR!O11 -> I(CT) | E71: =IF(D71="V",CONFIGURATOR!$O$55,CONFIGURATOR!$T$57) -> 0004D291 | F71: ="DCM("&C59&":"&E59 &"; "&C60&":"&E60 &"; "&C61&":"&E61 &"; "&C62&":"&E62 &"; "&C63&":"&E63 &"; "&C64&":"&E64 &"; "&C65&":"&E65 &"; "&C66&":"&E66 &"; "&C67&":"&E67 &"; "&C68&":"&E68 &"; "&C69&":"&E69 &"; "&C70&":"&E70 &"; "&C71&":"&E71 &")" -> DCM(106:0019CC00; 107:0019CC00; 108:0019CC00; 109:0004D291; 110:0004D291; 111:0004D291; 112:0004D291; 113:0004D291; 114:0004D291; 115:0004D291; 116:0004D291; 117:0004D291; 118:0004D291)
C72: 119 | D72: =CONFIGURATOR!P11 -> I(CT) | E72: =IF(D72="V",CONFIGURATOR!$O$55,CONFIGURATOR!$T$57) -> 0004D291 | F72: ="DCM("&C59&":"&E59 &"; "&C60&":"&E60 &"; "&C61&":"&E61 &"; "&C62&":"&E62 &"; "&C63&":"&E63 &"; "&C64&":"&E64 &"; "&C65&":"&E65 &"; "&C66&":"&E66 &"; "&C67&":"&E67 &"; "&C68&":"&E68 &"; "&C69&":"&E69 &"; "&C70&":"&E70 &"; "&C71&":"&E71 &"; "&C72&":"&E72 &")" -> DCM(106:0019CC00; 107:0019CC00; 108:0019CC00; 109:0004D291; 110:0004D291; 111:0004D291; 112:0004D291; 113:0004D291; 114:0004D291; 115:0004D291; 116:0004D291; 117:0004D291; 118:0004D291; 119:0004D291)
C73: 120 | D73: =CONFIGURATOR!Q11 -> I(CT) | E73: =IF(D73="V",CONFIGURATOR!$O$55,CONFIGURATOR!$T$57) -> 0004D291 | F73: ="DCM("&C59&":"&E59 &"; "&C60&":"&E60 &"; "&C61&":"&E61 &"; "&C62&":"&E62 &"; "&C63&":"&E63 &"; "&C64&":"&E64 &"; "&C65&":"&E65 &"; "&C66&":"&E66 &"; "&C67&":"&E67 &"; "&C68&":"&E68 &"; "&C69&":"&E69 &"; "&C70&":"&E70 &"; "&C71&":"&E71 &"; "&C72&":"&E72 &"; "&C73&":"&E73 &")" -> DCM(106:0019CC00; 107:0019CC00; 108:0019CC00; 109:0004D291; 110:0004D291; 111:0004D291; 112:0004D291; 113:0004D291; 114:0004D291; 115:0004D291; 116:0004D291; 117:0004D291; 118:0004D291; 119:0004D291; 120:0004D291)
C74: 121 | D74: =CONFIGURATOR!R11 -> I(CT) | E74: =IF(D74="V",CONFIGURATOR!$O$55,CONFIGURATOR!$T$57) -> 0004D291 | F74: ="DCM("&C59&":"&E59 &"; "&C60&":"&E60 &"; "&C61&":"&E61 &"; "&C62&":"&E62 &"; "&C63&":"&E63 &"; "&C64&":"&E64 &"; "&C65&":"&E65 &"; "&C66&":"&E66 &"; "&C67&":"&E67 &"; "&C68&":"&E68 &"; "&C69&":"&E69 &"; "&C70&":"&E70 &"; "&C71&":"&E71 &"; "&C72&":"&E72 &"; "&C73&":"&E73 &"; "&C74&":"&E74 &")" -> DCM(106:0019CC00; 107:0019CC00; 108:0019CC00; 109:0004D291; 110:0004D291; 111:0004D291; 112:0004D291; 113:0004D291; 114:0004D291; 115:0004D291; 116:0004D291; 117:0004D291; 118:0004D291; 119:0004D291; 120:0004D291; 121:0004D291)
C75: 122 | D75: =CONFIGURATOR!S11 -> I(CT) | E75: =IF(D75="V",CONFIGURATOR!$O$55,CONFIGURATOR!$T$57) -> 0004D291 | F75: ="DCM("&C59&":"&E59 &"; "&C60&":"&E60 &"; "&C61&":"&E61 &"; "&C62&":"&E62 &"; "&C63&":"&E63 &"; "&C64&":"&E64 &"; "&C65&":"&E65 &"; "&C66&":"&E66 &"; "&C67&":"&E67 &"; "&C68&":"&E68 &"; "&C69&":"&E69 &"; "&C70&":"&E70 &"; "&C71&":"&E71 &"; "&C72&":"&E72 &"; "&C73&":"&E73 &"; "&C74&":"&E74 &"; "&C75&":"&E75 &")" -> DCM(106:0019CC00; 107:0019CC00; 108:0019CC00; 109:0004D291; 110:0004D291; 111:0004D291; 112:0004D291; 113:0004D291; 114:0004D291; 115:0004D291; 116:0004D291; 117:0004D291; 118:0004D291; 119:0004D291; 120:0004D291; 121:0004D291; 122:0004D291)
C76: 123 | D76: =CONFIGURATOR!T11 -> I(CT) | E76: =IF(D76="V",CONFIGURATOR!$O$55,CONFIGURATOR!$T$57) -> 0004D291 | F76: ="DCM("&C59&":"&E59 &"; "&C60&":"&E60 &"; "&C61&":"&E61 &"; "&C62&":"&E62 &"; "&C63&":"&E63 &"; "&C64&":"&E64 &"; "&C65&":"&E65 &"; "&C66&":"&E66 &"; "&C67&":"&E67 &"; "&C68&":"&E68 &"; "&C69&":"&E69 &"; "&C70&":"&E70 &"; "&C71&":"&E71 &"; "&C72&":"&E72 &"; "&C73&":"&E73 &"; "&C74&":"&E74 &"; "&C75&":"&E75 &"; "&C76&":"&E76 &")" -> DCM(106:0019CC00; 107:0019CC00; 108:0019CC00; 109:0004D291; 110:0004D291; 111:0004D291; 112:0004D291; 113:0004D291; 114:0004D291; 115:0004D291; 116:0004D291; 117:0004D291; 118:0004D291; 119:0004D291; 120:0004D291; 121:0004D291; 122:0004D291; 123:0004D291)
C77: 124 | D77: =CONFIGURATOR!U11 -> I(CT) | E77: =IF(D77="V",CONFIGURATOR!$O$55,CONFIGURATOR!$T$57) -> 0004D291 | F77: ="DCM("&C59&":"&E59 &"; "&C60&":"&E60 &"; "&C61&":"&E61 &"; "&C62&":"&E62 &"; "&C63&":"&E63 &"; "&C64&":"&E64 &"; "&C65&":"&E65 &"; "&C66&":"&E66 &"; "&C67&":"&E67 &"; "&C68&":"&E68 &"; "&C69&":"&E69 &"; "&C70&":"&E70 &"; "&C71&":"&E71 &"; "&C72&":"&E72 &"; "&C73&":"&E73 &"; "&C74&":"&E74 &"; "&C75&":"&E75 &"; "&C76&":"&E76 &"; "&C77&":"&E77 &")" -> DCM(106:0019CC00; 107:0019CC00; 108:0019CC00; 109:0004D291; 110:0004D291; 111:0004D291; 112:0004D291; 113:0004D291; 114:0004D291; 115:0004D291; 116:0004D291; 117:0004D291; 118:0004D291; 119:0004D291; 120:0004D291; 121:0004D291; 122:0004D291; 123:0004D291; 124:0004D291)
C78: 125 | D78: =CONFIGURATOR!V11 -> I(CT) | E78: =IF(D78="V",CONFIGURATOR!$O$55,CONFIGURATOR!$T$57) -> 0004D291 | F78: ="DCM("&C59&":"&E59 &"; "&C60&":"&E60 &"; "&C61&":"&E61 &"; "&C62&":"&E62 &"; "&C63&":"&E63 &"; "&C64&":"&E64 &"; "&C65&":"&E65 &"; "&C66&":"&E66 &"; "&C67&":"&E67 &"; "&C68&":"&E68 &"; "&C69&":"&E69 &"; "&C70&":"&E70 &"; "&C71&":"&E71 &"; "&C72&":"&E72 &"; "&C73&":"&E73 &"; "&C74&":"&E74 &"; "&C75&":"&E75 &"; "&C76&":"&E76 &"; "&C77&":"&E77 &"; "&C78&":"&E78 &")" -> DCM(106:0019CC00; 107:0019CC00; 108:0019CC00; 109:0004D291; 110:0004D291; 111:0004D291; 112:0004D291; 113:0004D291; 114:0004D291; 115:0004D291; 116:0004D291; 117:0004D291; 118:0004D291; 119:0004D291; 120:0004D291; 121:0004D291; 122:0004D291; 123:0004D291; 124:0004D291; 125:0004D291)
C79: 126 | D79: =CONFIGURATOR!W11 -> I(CT) | E79: =IF(D79="V",CONFIGURATOR!$O$55,CONFIGURATOR!$T$57) -> 0004D291 | F79: ="DCM("&C59&":"&E59 &"; "&C60&":"&E60 &"; "&C61&":"&E61 &"; "&C62&":"&E62 &"; "&C63&":"&E63 &"; "&C64&":"&E64 &"; "&C65&":"&E65 &"; "&C66&":"&E66 &"; "&C67&":"&E67 &"; "&C68&":"&E68 &"; "&C69&":"&E69 &"; "&C70&":"&E70 &"; "&C71&":"&E71 &"; "&C72&":"&E72 &"; "&C73&":"&E73 &"; "&C74&":"&E74 &"; "&C75&":"&E75 &"; "&C76&":"&E76 &"; "&C77&":"&E77 &"; "&C78&":"&E78 &"; "&C79&":"&E79 &")" -> DCM(106:0019CC00; 107:0019CC00; 108:0019CC00; 109:0004D291; 110:0004D291; 111:0004D291; 112:0004D291; 113:0004D291; 114:0004D291; 115:0004D291; 116:0004D291; 117:0004D291; 118:0004D291; 119:0004D291; 120:0004D291; 121:0004D291; 122:0004D291; 123:0004D291; 124:0004D291; 125:0004D291; 126:0004D291)
C80: 127 | D80: =CONFIGURATOR!X11 -> I(CT) | E80: =IF(D80="V",CONFIGURATOR!$O$55,CONFIGURATOR!$T$57) -> 0004D291 | F80: ="DCM("&C59&":"&E59 &"; "&C60&":"&E60 &"; "&C61&":"&E61 &"; "&C62&":"&E62 &"; "&C63&":"&E63 &"; "&C64&":"&E64 &"; "&C65&":"&E65 &"; "&C66&":"&E66 &"; "&C67&":"&E67 &"; "&C68&":"&E68 &"; "&C69&":"&E69 &"; "&C70&":"&E70 &"; "&C71&":"&E71 &"; "&C72&":"&E72 &"; "&C73&":"&E73 &"; "&C74&":"&E74 &"; "&C75&":"&E75 &"; "&C76&":"&E76 &"; "&C77&":"&E77 &"; "&C78&":"&E78 &"; "&C79&":"&E79 &"; "&C80&":"&E80 &")" -> DCM(106:0019CC00; 107:0019CC00; 108:0019CC00; 109:0004D291; 110:0004D291; 111:0004D291; 112:0004D291; 113:0004D291; 114:0004D291; 115:0004D291; 116:0004D291; 117:0004D291; 118:0004D291; 119:0004D291; 120:0004D291; 121:0004D291; 122:0004D291; 123:0004D291; 124:0004D291; 125:0004D291; 126:0004D291; 127:0004D291)
C81: 128 | D81: =CONFIGURATOR!Y11 -> I(CT) | E81: =IF(D81="V",CONFIGURATOR!$O$55,CONFIGURATOR!$T$57) -> 0004D291 | F81: ="DCM("&C59&":"&E59 &"; "&C60&":"&E60 &"; "&C61&":"&E61 &"; "&C62&":"&E62 &"; "&C63&":"&E63 &"; "&C64&":"&E64 &"; "&C65&":"&E65 &"; "&C66&":"&E66 &"; "&C67&":"&E67 &"; "&C68&":"&E68 &"; "&C69&":"&E69 &"; "&C70&":"&E70 &"; "&C71&":"&E71 &"; "&C72&":"&E72 &"; "&C73&":"&E73 &"; "&C74&":"&E74 &"; "&C75&":"&E75 &"; "&C76&":"&E76 &"; "&C77&":"&E77 &"; "&C78&":"&E78 &"; "&C79&":"&E79 &"; "&C80&":"&E80 &"; "&C81&":"&E81 &")" -> DCM(106:0019CC00; 107:0019CC00; 108:0019CC00; 109:0004D291; 110:0004D291; 111:0004D291; 112:0004D291; 113:0004D291; 114:0004D291; 115:0004D291; 116:0004D291; 117:0004D291; 118:0004D291; 119:0004D291; 120:0004D291; 121:0004D291; 122:0004D291; 123:0004D291; 124:0004D291; 125:0004D291; 126:0004D291; 127:0004D291; 128:0004D291)
C82: 129 | D82: =CONFIGURATOR!Z11 -> I(CT) | E82: =IF(D82="V",CONFIGURATOR!$O$55,CONFIGURATOR!$T$57) -> 0004D291 | F82: ="DCM("&C59&":"&E59 &"; "&C60&":"&E60 &"; "&C61&":"&E61 &"; "&C62&":"&E62 &"; "&C63&":"&E63 &"; "&C64&":"&E64 &"; "&C65&":"&E65 &"; "&C66&":"&E66 &"; "&C67&":"&E67 &"; "&C68&":"&E68 &"; "&C69&":"&E69 &"; "&C70&":"&E70 &"; "&C71&":"&E71 &"; "&C72&":"&E72 &"; "&C73&":"&E73 &"; "&C74&":"&E74 &"; "&C75&":"&E75 &"; "&C76&":"&E76 &"; "&C77&":"&E77 &"; "&C78&":"&E78 &"; "&C79&":"&E79 &"; "&C80&":"&E80 &"; "&C81&":"&E81 &"; "&C82&":"&E82 &")" -> DCM(106:0019CC00; 107:0019CC00; 108:0019CC00; 109:0004D291; 110:0004D291; 111:0004D291; 112:0004D291; 113:0004D291; 114:0004D291; 115:0004D291; 116:0004D291; 117:0004D291; 118:0004D291; 119:0004D291; 120:0004D291; 121:0004D291; 122:0004D291; 123:0004D291; 124:0004D291; 125:0004D291; 126:0004D291; 127:0004D291; 128:0004D291; 129:0004D291)
C83: 130 | D83: =CONFIGURATOR!AA11 -> I(CT) | E83: =IF(D83="V",CONFIGURATOR!$O$55,CONFIGURATOR!$T$57) -> 0004D291 | F83: ="DCM("&C59&":"&E59 &"; "&C60&":"&E60 &"; "&C61&":"&E61 &"; "&C62&":"&E62 &"; "&C63&":"&E63 &"; "&C64&":"&E64 &"; "&C65&":"&E65 &"; "&C66&":"&E66 &"; "&C67&":"&E67 &"; "&C68&":"&E68 &"; "&C69&":"&E69 &"; "&C70&":"&E70 &"; "&C71&":"&E71 &"; "&C72&":"&E72 &"; "&C73&":"&E73 &"; "&C74&":"&E74 &"; "&C75&":"&E75 &"; "&C76&":"&E76 &"; "&C77&":"&E77 &"; "&C78&":"&E78 &"; "&C79&":"&E79 &"; "&C80&":"&E80 &"; "&C81&":"&E81 &"; "&C82&":"&E82 &"; "&C83&":"&E83 &")" -> DCM(106:0019CC00; 107:0019CC00; 108:0019CC00; 109:0004D291; 110:0004D291; 111:0004D291; 112:0004D291; 113:0004D291; 114:0004D291; 115:0004D291; 116:0004D291; 117:0004D291; 118:0004D291; 119:0004D291; 120:0004D291; 121:0004D291; 122:0004D291; 123:0004D291; 124:0004D291; 125:0004D291; 126:0004D291; 127:0004D291; 128:0004D291; 129:0004D291; 130:0004D291)
C84: 131 | D84: =CONFIGURATOR!AB11 -> I(CT) | E84: =IF(D84="V",CONFIGURATOR!$O$55,CONFIGURATOR!$T$57) -> 0004D291 | F84: ="DCM("&C59&":"&E59 &"; "&C60&":"&E60 &"; "&C61&":"&E61 &"; "&C62&":"&E62 &"; "&C63&":"&E63 &"; "&C64&":"&E64 &"; "&C65&":"&E65 &"; "&C66&":"&E66 &"; "&C67&":"&E67 &"; "&C68&":"&E68 &"; "&C69&":"&E69 &"; "&C70&":"&E70 &"; "&C71&":"&E71 &"; "&C72&":"&E72 &"; "&C73&":"&E73 &"; "&C74&":"&E74 &"; "&C75&":"&E75 &"; "&C76&":"&E76 &"; "&C77&":"&E77 &"; "&C78&":"&E78 &"; "&C79&":"&E79 &"; "&C80&":"&E80 &"; "&C81&":"&E81 &"; "&C82&":"&E82 &"; "&C83&":"&E83 &"; "&C84&":"&E84 &")" -> DCM(106:0019CC00; 107:0019CC00; 108:0019CC00; 109:0004D291; 110:0004D291; 111:0004D291; 112:0004D291; 113:0004D291; 114:0004D291; 115:0004D291; 116:0004D291; 117:0004D291; 118:0004D291; 119:0004D291; 120:0004D291; 121:0004D291; 122:0004D291; 123:0004D291; 124:0004D291; 125:0004D291; 126:0004D291; 127:0004D291; 128:0004D291; 129:0004D291; 130:0004D291; 131:0004D291)
C85: 132 | D85: =CONFIGURATOR!AC11 -> I(CT) | E85: =IF(D85="V",CONFIGURATOR!$O$55,CONFIGURATOR!$T$57) -> 0004D291 | F85: ="DCM("&C59&":"&E59 &"; "&C60&":"&E60 &"; "&C61&":"&E61 &"; "&C62&":"&E62 &"; "&C63&":"&E63 &"; "&C64&":"&E64 &"; "&C65&":"&E65 &"; "&C66&":"&E66 &"; "&C67&":"&E67 &"; "&C68&":"&E68 &"; "&C69&":"&E69 &"; "&C70&":"&E70 &"; "&C71&":"&E71 &"; "&C72&":"&E72 &"; "&C73&":"&E73 &"; "&C74&":"&E74 &"; "&C75&":"&E75 &"; "&C76&":"&E76 &"; "&C77&":"&E77 &"; "&C78&":"&E78 &"; "&C79&":"&E79 &"; "&C80&":"&E80 &"; "&C81&":"&E81 &"; "&C82&":"&E82 &"; "&C83&":"&E83 &"; "&C84&":"&E84 &"; "&C85&":"&E85 &")" -> DCM(106:0019CC00; 107:0019CC00; 108:0019CC00; 109:0004D291; 110:0004D291; 111:0004D291; 112:0004D291; 113:0004D291; 114:0004D291; 115:0004D291; 116:0004D291; 117:0004D291; 118:0004D291; 119:0004D291; 120:0004D291; 121:0004D291; 122:0004D291; 123:0004D291; 124:0004D291; 125:0004D291; 126:0004D291; 127:0004D291; 128:0004D291; 129:0004D291; 130:0004D291; 131:0004D291; 132:0004D291)
C86: 133 | D86: =CONFIGURATOR!AD11 -> I(CT) | E86: =IF(D86="V",CONFIGURATOR!$O$55,CONFIGURATOR!$T$57) -> 0004D291 | F86: ="DCM("&C59&":"&E59 &"; "&C60&":"&E60 &"; "&C61&":"&E61 &"; "&C62&":"&E62 &"; "&C63&":"&E63 &"; "&C64&":"&E64 &"; "&C65&":"&E65 &"; "&C66&":"&E66 &"; "&C67&":"&E67 &"; "&C68&":"&E68 &"; "&C69&":"&E69 &"; "&C70&":"&E70 &"; "&C71&":"&E71 &"; "&C72&":"&E72 &"; "&C73&":"&E73 &"; "&C74&":"&E74 &"; "&C75&":"&E75 &"; "&C76&":"&E76 &"; "&C77&":"&E77 &"; "&C78&":"&E78 &"; "&C79&":"&E79 &"; "&C80&":"&E80 &"; "&C81&":"&E81 &"; "&C82&":"&E82 &"; "&C83&":"&E83 &"; "&C84&":"&E84 &"; "&C85&":"&E85 &"; "&C86&":"&E86 &")" -> DCM(106:0019CC00; 107:0019CC00; 108:0019CC00; 109:0004D291; 110:0004D291; 111:0004D291; 112:0004D291; 113:0004D291; 114:0004D291; 115:0004D291; 116:0004D291; 117:0004D291; 118:0004D291; 119:0004D291; 120:0004D291; 121:0004D291; 122:0004D291; 123:0004D291; 124:0004D291; 125:0004D291; 126:0004D291; 127:0004D291; 128:0004D291; 129:0004D291; 130:0004D291; 131:0004D291; 132:0004D291; 133:0004D291)
C87: 134 | D87: =CONFIGURATOR!AE11 -> I(CT) | E87: =IF(D87="V",CONFIGURATOR!$O$55,CONFIGURATOR!$T$57) -> 0004D291 | F87: ="DCM("&C59&":"&E59 &"; "&C60&":"&E60 &"; "&C61&":"&E61 &"; "&C62&":"&E62 &"; "&C63&":"&E63 &"; "&C64&":"&E64 &"; "&C65&":"&E65 &"; "&C66&":"&E66 &"; "&C67&":"&E67 &"; "&C68&":"&E68 &"; "&C69&":"&E69 &"; "&C70&":"&E70 &"; "&C71&":"&E71 &"; "&C72&":"&E72 &"; "&C73&":"&E73 &"; "&C74&":"&E74 &"; "&C75&":"&E75 &"; "&C76&":"&E76 &"; "&C77&":"&E77 &"; "&C78&":"&E78 &"; "&C79&":"&E79 &"; "&C80&":"&E80 &"; "&C81&":"&E81 &"; "&C82&":"&E82 &"; "&C83&":"&E83 &"; "&C84&":"&E84 &"; "&C85&":"&E85 &"; "&C86&":"&E86 &"; "&C87&":"&E87 &")" -> DCM(106:0019CC00; 107:0019CC00; 108:0019CC00; 109:0004D291; 110:0004D291; 111:0004D291; 112:0004D291; 113:0004D291; 114:0004D291; 115:0004D291; 116:0004D291; 117:0004D291; 118:0004D291; 119:0004D291; 120:0004D291; 121:0004D291; 122:0004D291; 123:0004D291; 124:0004D291; 125:0004D291; 126:0004D291; 127:0004D291; 128:0004D291; 129:0004D291; 130:0004D291; 131:0004D291; 132:0004D291; 133:0004D291; 134:0004D291)
C88: 135 | D88: =CONFIGURATOR!AF11 -> I(CT) | E88: =IF(D88="V",CONFIGURATOR!$O$55,CONFIGURATOR!$T$57) -> 0004D291 | F88: ="DCM("&C59&":"&E59 &"; "&C60&":"&E60 &"; "&C61&":"&E61 &"; "&C62&":"&E62 &"; "&C63&":"&E63 &"; "&C64&":"&E64 &"; "&C65&":"&E65 &"; "&C66&":"&E66 &"; "&C67&":"&E67 &"; "&C68&":"&E68 &"; "&C69&":"&E69 &"; "&C70&":"&E70 &"; "&C71&":"&E71 &"; "&C72&":"&E72 &"; "&C73&":"&E73 &"; "&C74&":"&E74 &"; "&C75&":"&E75 &"; "&C76&":"&E76 &"; "&C77&":"&E77 &"; "&C78&":"&E78 &"; "&C79&":"&E79 &"; "&C80&":"&E80 &"; "&C81&":"&E81 &"; "&C82&":"&E82 &"; "&C83&":"&E83 &"; "&C84&":"&E84 &"; "&C85&":"&E85 &"; "&C86&":"&E86 &"; "&C87&":"&E87 &"; "&C88&":"&E88 &")" -> DCM(106:0019CC00; 107:0019CC00; 108:0019CC00; 109:0004D291; 110:0004D291; 111:0004D291; 112:0004D291; 113:0004D291; 114:0004D291; 115:0004D291; 116:0004D291; 117:0004D291; 118:0004D291; 119:0004D291; 120:0004D291; 121:0004D291; 122:0004D291; 123:0004D291; 124:0004D291; 125:0004D291; 126:0004D291; 127:0004D291; 128:0004D291; 129:0004D291; 130:0004D291; 131:0004D291; 132:0004D291; 133:0004D291; 134:0004D291; 135:0004D291)
C89: 136 | D89: =CONFIGURATOR!AG11 -> I(CT) | E89: =IF(D89="V",CONFIGURATOR!$O$55,CONFIGURATOR!$T$57) -> 0004D291 | F89: ="DCM("&C59&":"&E59 &"; "&C60&":"&E60 &"; "&C61&":"&E61 &"; "&C62&":"&E62 &"; "&C63&":"&E63 &"; "&C64&":"&E64 &"; "&C65&":"&E65 &"; "&C66&":"&E66 &"; "&C67&":"&E67 &"; "&C68&":"&E68 &"; "&C69&":"&E69 &"; "&C70&":"&E70 &"; "&C71&":"&E71 &"; "&C72&":"&E72 &"; "&C73&":"&E73 &"; "&C74&":"&E74 &"; "&C75&":"&E75 &"; "&C76&":"&E76 &"; "&C77&":"&E77 &"; "&C78&":"&E78 &"; "&C79&":"&E79 &"; "&C80&":"&E80 &"; "&C81&":"&E81 &"; "&C82&":"&E82 &"; "&C83&":"&E83 &"; "&C84&":"&E84 &"; "&C85&":"&E85 &"; "&C86&":"&E86 &"; "&C87&":"&E87 &"; "&C88&":"&E88 &"; "&C89&":"&E89 &")" -> DCM(106:0019CC00; 107:0019CC00; 108:0019CC00; 109:0004D291; 110:0004D291; 111:0004D291; 112:0004D291; 113:0004D291; 114:0004D291; 115:0004D291; 116:0004D291; 117:0004D291; 118:0004D291; 119:0004D291; 120:0004D291; 121:0004D291; 122:0004D291; 123:0004D291; 124:0004D291; 125:0004D291; 126:0004D291; 127:0004D291; 128:0004D291; 129:0004D291; 130:0004D291; 131:0004D291; 132:0004D291; 133:0004D291; 134:0004D291; 135:0004D291; 136:0004D291)
C90: 137 | D90: =CONFIGURATOR!AH11 -> I(CT) | E90: =IF(D90="V",CONFIGURATOR!$O$55,CONFIGURATOR!$T$57) -> 0004D291 | F90: ="DCM("&C59&":"&E59 &"; "&C60&":"&E60 &"; "&C61&":"&E61 &"; "&C62&":"&E62 &"; "&C63&":"&E63 &"; "&C64&":"&E64 &"; "&C65&":"&E65 &"; "&C66&":"&E66 &"; "&C67&":"&E67 &"; "&C68&":"&E68 &"; "&C69&":"&E69 &"; "&C70&":"&E70 &"; "&C71&":"&E71 &"; "&C72&":"&E72 &"; "&C73&":"&E73 &"; "&C74&":"&E74 &"; "&C75&":"&E75 &"; "&C76&":"&E76 &"; "&C77&":"&E77 &"; "&C78&":"&E78 &"; "&C79&":"&E79 &"; "&C80&":"&E80 &"; "&C81&":"&E81 &"; "&C82&":"&E82 &"; "&C83&":"&E83 &"; "&C84&":"&E84 &"; "&C85&":"&E85 &"; "&C86&":"&E86 &"; "&C87&":"&E87 &"; "&C88&":"&E88 &"; "&C89&":"&E89 &"; "&C90&":"&E90 &")" -> DCM(106:0019CC00; 107:0019CC00; 108:0019CC00; 109:0004D291; 110:0004D291; 111:0004D291; 112:0004D291; 113:0004D291; 114:0004D291; 115:0004D291; 116:0004D291; 117:0004D291; 118:0004D291; 119:0004D291; 120:0004D291; 121:0004D291; 122:0004D291; 123:0004D291; 124:0004D291; 125:0004D291; 126:0004D291; 127:0004D291; 128:0004D291; 129:0004D291; 130:0004D291; 131:0004D291; 132:0004D291; 133:0004D291; 134:0004D291; 135:0004D291; 136:0004D291; 137:0004D291)

Sheet CALCULATIONS MCP
AH3: CALIBRATION
AR4: =AR9*220/219.97 -> 1.0222845 | AT4: =DEC2HEX(INT(AR4*2^29+0.5),8) -> 20B68DEB
D5: CONTROL REGISTERS | N5: STATUS REGISTERS | X5: ACCUMULATOR REGISTERS | AJ5: First power index where the current with index="channel" is contributing
A6: ='CALIBRATION GUIDE'!B57 -> PAR[I] | D6: R | E6: I | G6: ID | H6: NAME | I6: VALUE | J6: FORMAT | K6: DECIMAL | L6: DERIVED QUANTITIES | N6: R | O6: I | Q6: ID | R6: NAME | S6: VALUE | T6: FORMAT | U6: DECIMAL | V6: DERIVED QUANTITIES | X6: R | Y6: I | AA6: ID | AB6: NAME | AC6: VALUE | AD6: FORMAT | AE6: DECIMAL | AF6: DERIVED QUANTITIES | AH6: CHANNEL | AI6: V/I | AJ6: POWER ID | AK6: P(POWER ID) | AL6: Q(POWER ID) | AM6: Angle | AN6: MEASURED | AO6: APPLIED | AP6: CAL_M_old (60Hz) | AQ6: Delta_cal | AR6: CAL_M | AS6: REG | AT6: HEX | AU6: CAL_PH_old (60Hz) | AV6: Delta_cal(50Hz) | AW6: Delta_cal(60Hz) | AX6: CAL_PH | AY6: REG | AZ6: HEX | BA6: COMBINED M CMD
A7: ='CALIBRATION GUIDE'!B58 -> Present RMS values are : | D7: 27 | E7: 1 | G7: =MID(INDIRECT(ADDRESS(D7,1)),(E7-1)*19+1,3) -> 000 | H7: =TRIM(MID(INDIRECT(ADDRESS(D7,1)),(E7-1)*19+4,16)) -> STATE_CTRL | I7: =TRIM(MID(INDIRECT(ADDRESS(D7+1,1)),(E7-1)*19+1,19)) -> 2 | J7: uQ32.0 | K7: =(HEX2DEC(LEFT(REPT("0",16-LEN(I7))&I7,10))*16^6+HEX2DEC(RIGHT(I7,6)))/2^(0+MID(J7,FIND(".",J7)+1,2)) -> 2 | N7: 170 | O7: 1 | Q7: =MID(INDIRECT(ADDRESS(N7,1)),(O7-1)*19+1,3) -> 000 | R7: =TRIM(MID(INDIRECT(ADDRESS(N7,1)),(O7-1)*19+4,16)) -> VERSION | S7: =TRIM(MID(INDIRECT(ADDRESS(N7+1,1)),(O7-1)*19+1,19)) -> 40000 | T7: uQ32.0 | U7: =(HEX2DEC(LEFT(REPT("0",16-LEN(S7))&S7,10))*16^6+HEX2DEC(RIGHT(S7,6)))/2^(0+MID(T7,FIND(".",T7)+1,2)) -> 262144 | X7: 233 | Y7: 1 | AA7: =MID(INDIRECT(ADDRESS(X7,1)),(Y7-1)*19+1,3) -> 000 | AB7: =TRIM(MID(INDIRECT(ADDRESS(X7,1)),(Y7-1)*19+4,16)) -> CH0 | AC7: =TRIM(MID(INDIRECT(ADDRESS(X7+1,1)),(Y7-1)*19+1,19)) -> 43E625E2D4D1 | AD7: uQ24.40 | AE7: =(HEX2DEC(LEFT(REPT("0",16-LEN(AC7))&AC7,10))*16^6+HEX2DEC(RIGHT(AC7,6)))/2^(0+MID(AD7,FIND(".",AD7)+1,2)) -> 67.899016 | AF7: =SQRT(AE7/$U$16)*K113 -> 215.10416 | AH7: ='CALIBRATION GUIDE'!B13 -> 0 | AI7: ='CALIBRATION GUIDE'!C13 -> V | AJ7: =IF('CALIBRATION GUIDE'!C13="V"," ", IF(ISNA(MATCH(AH7,CONFIGURATOR!$D$21:$D$51,0))=TRUE," ",MATCH(AH7,CONFIGURATOR!$D$21:$D$51,0)-1) ) | AK7: {=IF(AJ7=" "," ",INDIRECT(ADDRESS(103+AJ7,31)))} | AL7: {=IF(AJ7=" "," ",INDIRECT(ADDRESS(135+AJ7,31)))} | AM7: =IF(AJ7=" ", " ", IF(OR(AK7=0,AL7=0),0, DEGREES(ATAN2(AK7,AL7)))) | AN7: =AF7 -> 215.10416 | AO7: ='CALIBRATION GUIDE'!D13 -> 220 | AP7: =K145 -> 1 | AQ7: =IF(AN7>0,AO7/AN7,1) -> 1.0227603 | AR7: =IF((AQ7*AP7)<4,AQ7*AP7,1) -> 1.0227603 | AS7: 138 | AT7: =IF('CALIBRATION GUIDE'!E13="Y",RIGHT(DEC2HEX(INT(AR7*2^29+0.5),8),8)," ") -> 20BA73D2 | AU7: =K177 -> 0 | AV7: =IF(AM7=" ",0,AM7-'CALIBRATION GUIDE'!$C$8) -> 0 | AW7: =IF(AV7=0, 0, AV7*60/'CALIBRATION GUIDE'!$C$7) -> 0 | AX7: =AW7+AU7 -> 0 | AY7: 170 | AZ7: =IF('CALIBRATION GUIDE'!E13="Y",IF(AI7="V",0,RIGHT(DEC2HEX((AX7)/180*2^31),8)), " ") -> 0 | BA7: ="DCM(" & IF(AT7=" ", "", AS7&":"&AT7) & IF(AT8=" ", "", "; "&AS8&":"&AT8) & IF(AT9=" ", "", "; "& AS9&":"&AT9) & IF(AT10=" ", "", "; "&AS10&":"&AT10) & IF(AT11=" ", "", "; "&AS11&":"&AT11) & IF(AT12=" ", "", "; "&AS12&":"&AT12) & IF(AT13=" ", "", "; "&AS13&":"&AT13) & IF(AT14=" ", "", "; "&AS14&":"&AT14) & IF(AT15=" ", "", "; "&AS15&":"&AT15) & IF(AT16=" ", "", "; "&AS16&":"&AT16) & IF(AT17=" ", "", "; "&AS17&":"&AT17) & IF(AT18=" ", "", "; "&AS18&":"&AT18) & IF(AT19=" ", "", "; "&AS19&":"&AT19) & IF(AT20=" ", "", "; "&AS20&":"&AT20) & IF(AT21=" ", "", "; "&AS21&":"&AT21) & IF(AT22=" ", "", "; "&AS22&":"&AT22) & IF(AT23=" ", "", "; "& AS23&":"&AT23) & IF(AT24=" ", "", "; "& AS24&":"&AT24) & IF(AT25=" ", "", "; "&AS25&":"&AT25) & IF(AT26=" ", "", "; "&AS26&":"&AT26) & IF(AT27=" ", "", "; "&AS27&":"&AT27) & IF(AT28=" ", "", "; "&AS28&":"&AT28) & IF(AT29=" ", "", "; "&AS29&":"&AT29) & IF(AT30=" ", "", "; "&AS30&":"&AT30) & IF(AT31=" ", "", "; "&AS31&":"&AT31) &IF(AT32=" ", "", "; "&AS32&":"&AT32) & IF(AT33=" ", "", "; "&AS33&":"&AT33) & IF(AT34=" ", "", "; "&AS34&":"&AT34) & IF(AT35=" ", "", "; "&AS35&":"&AT35) & IF(AT36=" ", "", "; "&AS36&":"&AT36) & IF(AT37=" ", "", "; "&AS37&":"&AT37) & IF(AT38=" ", "", "; "&AS38&":"&AT38) &")" -> DCM(138:20BA73D2; 139:20B77771; 140:20B56992; 141:1F5D9BA8; 142:1F73A467; 143:1F74DAC6)
A8: ='CALIBRATION GUIDE'!B59 -> CH00=215.114V CH01=215.121V CH02=215.170V CH03=30.600A | D8: 27 | E8: 2 | G8: =MID(INDIRECT(ADDRESS(D8,1)),(E8-1)*19+1,3) -> 001 | H8: =TRIM(MID(INDIRECT(ADDRESS(D8,1)),(E8-1)*19+4,16)) -> FEATURE_CTRL0 | I8: =TRIM(MID(INDIRECT(ADDRESS(D8+1,1)),(E8-1)*19+1,19)) -> 300 | J8: uQ32.0 | K8: =(HEX2DEC(LEFT(REPT("0",16-LEN(I8))&I8,10))*16^6+HEX2DEC(RIGHT(I8,6)))/2^(0+MID(J8,FIND(".",J8)+1,2)) -> 768 | N8: 170 | O8: 2 | Q8: =MID(INDIRECT(ADDRESS(N8,1)),(O8-1)*19+1,3) -> 001 | R8: =TRIM(MID(INDIRECT(ADDRESS(N8,1)),(O8-1)*19+4,16)) -> STATUS | S8: =TRIM(MID(INDIRECT(ADDRESS(N8+1,1)),(O8-1)*19+1,19)) -> 8 | T8: uQ32.0 | U8: =(HEX2DEC(LEFT(REPT("0",16-LEN(S8))&S8,10))*16^6+HEX2DEC(RIGHT(S8,6)))/2^(0+MID(T8,FIND(".",T8)+1,2)) -> 8 | X8: 233 | Y8: 2 | AA8: =MID(INDIRECT(ADDRESS(X8,1)),(Y8-1)*19+1,3) -> 001 | AB8: =TRIM(MID(INDIRECT(ADDRESS(X8,1)),(Y8-1)*19+4,16)) -> CH1 | AC8: =TRIM(MID(INDIRECT(ADDRESS(X8+1,1)),(Y8-1)*19+1,19)) -> 43F28B30BCA2 | AD8: uQ24.40 | AE8: =(HEX2DEC(LEFT(REPT("0",16-LEN(AC8))&AC8,10))*16^6+HEX2DEC(RIGHT(AC8,6)))/2^(0+MID(AD8,FIND(".",AD8)+1,2)) -> 67.947436 | AF8: =SQRT(AE8/$U$16)*K114 -> 215.18085 | AH8: ='CALIBRATION GUIDE'!B14 -> 1 | AI8: ='CALIBRATION GUIDE'!C14 -> V | AJ8: =IF('CALIBRATION GUIDE'!C14="V"," ", IF(ISNA(MATCH(AH8,CONFIGURATOR!$D$21:$D$51,0))=TRUE," ",MATCH(AH8,CONFIGURATOR!$D$21:$D$51,0)-1) ) | AK8: {=IF(AJ8=" "," ",INDIRECT(ADDRESS(103+AJ8,31)))} | AL8: {=IF(AJ8=" "," ",INDIRECT(ADDRESS(135+AJ8,31)))} | AM8: =IF(AJ8=" ", " ", IF(OR(AK8=0,AL8=0),0, DEGREES(ATAN2(AK8,AL8)))) | AN8: =AF8 -> 215.18085 | AO8: ='CALIBRATION GUIDE'!D14 -> 220 | AP8: =K146 -> 1 | AQ8: =IF(AN8>0,AO8/AN8,1) -> 1.0223958 | AR8: =IF((AQ8*AP8)<4,AQ8*AP8,1) -> 1.0223958 | AS8: =1+AS7 -> 139 | AT8: =IF('CALIBRATION GUIDE'!E14="Y",RIGHT(DEC2HEX(INT(AR8*2^29+0.5),8),8)," ") -> 20B77771 | AU8: =K178 -> 0 | AV8: =IF(AM8=" ",0,AM8-'CALIBRATION GUIDE'!$C$8) -> 0 | AW8: =IF(AV8=0, 0, AV8*60/'CALIBRATION GUIDE'!$C$7) -> 0 | AX8: =AW8+AU8 -> 0 | AY8: =1+AY7 -> 171 | AZ8: =IF('CALIBRATION GUIDE'!E14="Y",IF(AI8="V",0,RIGHT(DEC2HEX((AX8)/180*2^31),8)), " ") -> 0
A9: ='CALIBRATION GUIDE'!B60 -> CH04=30.520A CH05=30.518A CH06=0.004A CH07=0.009V | D9: 27 | E9: 3 | G9: =MID(INDIRECT(ADDRESS(D9,1)),(E9-1)*19+1,3) -> 002 | H9: =TRIM(MID(INDIRECT(ADDRESS(D9,1)),(E9-1)*19+4,16)) -> FEATURE_CTRL1 | I9: =TRIM(MID(INDIRECT(ADDRESS(D9+1,1)),(E9-1)*19+1,19)) -> 0 | J9: uQ32.0 | K9: =(HEX2DEC(LEFT(REPT("0",16-LEN(I9))&I9,10))*16^6+HEX2DEC(RIGHT(I9,6)))/2^(0+MID(J9,FIND(".",J9)+1,2)) -> 0 | N9: 170 | O9: 3 | Q9: =MID(INDIRECT(ADDRESS(N9,1)),(O9-1)*19+1,3) -> 002 | R9: =TRIM(MID(INDIRECT(ADDRESS(N9,1)),(O9-1)*19+4,16)) -> STATE_FLAG | S9: =TRIM(MID(INDIRECT(ADDRESS(N9+1,1)),(O9-1)*19+1,19)) -> 20 | T9: uQ32.0 | U9: =(HEX2DEC(LEFT(REPT("0",16-LEN(S9))&S9,10))*16^6+HEX2DEC(RIGHT(S9,6)))/2^(0+MID(T9,FIND(".",T9)+1,2)) -> 32 | X9: 233 | Y9: 3 | AA9: =MID(INDIRECT(ADDRESS(X9,1)),(Y9-1)*19+1,3) -> 002 | AB9: =TRIM(MID(INDIRECT(ADDRESS(X9,1)),(Y9-1)*19+4,16)) -> CH2 | AC9: =TRIM(MID(INDIRECT(ADDRESS(X9+1,1)),(Y9-1)*19+1,19)) -> 43FB144B5222 | AD9: uQ24.40 | AE9: =(HEX2DEC(LEFT(REPT("0",16-LEN(AC9))&AC9,10))*16^6+HEX2DEC(RIGHT(AC9,6)))/2^(0+MID(AD9,FIND(".",AD9)+1,2)) -> 67.980778 | AF9: =SQRT(AE9/$U$16)*K115 -> 215.23364 | AH9: ='CALIBRATION GUIDE'!B15 -> 2 | AI9: ='CALIBRATION GUIDE'!C15 -> V | AJ9: =IF('CALIBRATION GUIDE'!C15="V"," ", IF(ISNA(MATCH(AH9,CONFIGURATOR!$D$21:$D$51,0))=TRUE," ",MATCH(AH9,CONFIGURATOR!$D$21:$D$51,0)-1) ) | AK9: {=IF(AJ9=" "," ",INDIRECT(ADDRESS(103+AJ9,31)))} | AL9: {=IF(AJ9=" "," ",INDIRECT(ADDRESS(135+AJ9,31)))} | AM9: =IF(AJ9=" ", " ", IF(OR(AK9=0,AL9=0),0, DEGREES(ATAN2(AK9,AL9)))) | AN9: =AF9 -> 215.23364 | AO9: ='CALIBRATION GUIDE'!D15 -> 220 | AP9: =K147 -> 1 | AQ9: =IF(AN9>0,AO9/AN9,1) -> 1.0221451 | AR9: =IF((AQ9*AP9)<4,AQ9*AP9,1) -> 1.0221451 | AS9: =1+AS8 -> 140 | AT9: =IF('CALIBRATION GUIDE'!E15="Y",RIGHT(DEC2HEX(INT(AR9*2^29+0.5),8),8)," ") -> 20B56992 | AU9: =K179 -> 0 | AV9: =IF(AM9=" ",0,AM9-'CALIBRATION GUIDE'!$C$8) -> 0 | AW9: =IF(AV9=0, 0, AV9*60/'CALIBRATION GUIDE'!$C$7) -> 0 | AX9: =AW9+AU9 -> 0 | AY9: =1+AY8 -> 172 | AZ9: =IF('CALIBRATION GUIDE'!E15="Y",IF(AI9="V",0,RIGHT(DEC2HEX((AX9)/180*2^31),8)), " ") -> 0 | BA9: COMBINED PH CMD
A10: ='CALIBRATION GUIDE'!B61 -> CH08=0.000A CH09=0.000V CH10=0.000A CH11=0.000V | D10: 27 | E10: 4 | G10: =MID(INDIRECT(ADDRESS(D10,1)),(E10-1)*19+1,3) -> 003 | H10: =TRIM(MID(INDIRECT(ADDRESS(D10,1)),(E10-1)*19+4,16)) -> RESERVED_C003 | I10: =TRIM(MID(INDIRECT(ADDRESS(D10+1,1)),(E10-1)*19+1,19)) -> 0 | J10: uQ32.0 | K10: =(HEX2DEC(LEFT(REPT("0",16-LEN(I10))&I10,10))*16^6+HEX2DEC(RIGHT(I10,6)))/2^(0+MID(J10,FIND(".",J10)+1,2)) -> 0 | N10: 170 | O10: 4 | Q10: =MID(INDIRECT(ADDRESS(N10,1)),(O10-1)*19+1,3) -> 003 | R10: =TRIM(MID(INDIRECT(ADDRESS(N10,1)),(O10-1)*19+4,16)) -> SWELL_OV_FLAG | S10: =TRIM(MID(INDIRECT(ADDRESS(N10+1,1)),(O10-1)*19+1,19)) -> 5 | T10: uQ32.0 | U10: =(HEX2DEC(LEFT(REPT("0",16-LEN(S10))&S10,10))*16^6+HEX2DEC(RIGHT(S10,6)))/2^(0+MID(T10,FIND(".",T10)+1,2)) -> 5 | X10: 233 | Y10: 4 | AA10: =MID(INDIRECT(ADDRESS(X10,1)),(Y10-1)*19+1,3) -> 003 | AB10: =TRIM(MID(INDIRECT(ADDRESS(X10,1)),(Y10-1)*19+4,16)) -> CH3 | AC10: =TRIM(MID(INDIRECT(ADDRESS(X10+1,1)),(Y10-1)*19+1,19)) -> 9D576EF0D84 | AD10: uQ24.40 | AE10: =(HEX2DEC(LEFT(REPT("0",16-LEN(AC10))&AC10,10))*16^6+HEX2DEC(RIGHT(AC10,6)))/2^(0+MID(AD10,FIND(".",AD10)+1,2)) -> 9.833846 | AF10: =SQRT(AE10/$U$16)*K116 -> 30.606724 | AH10: ='CALIBRATION GUIDE'!B16 -> 3 | AI10: ='CALIBRATION GUIDE'!C16 -> I(CT) | AJ10: =IF('CALIBRATION GUIDE'!C16="V"," ", IF(ISNA(MATCH(AH10,CONFIGURATOR!$D$21:$D$51,0))=TRUE," ",MATCH(AH10,CONFIGURATOR!$D$21:$D$51,0)-1) ) -> 0 | AK10: {=IF(AJ10=" "," ",INDIRECT(ADDRESS(103+AJ10,31)))} -> 12.939915 | AL10: {=IF(AJ10=" "," ",INDIRECT(ADDRESS(135+AJ10,31)))} -> 22.361716 | AM10: =IF(AJ10=" ", " ", IF(OR(AK10=0,AL10=0),0, DEGREES(ATAN2(AK10,AL10)))) -> 59.943588 | AN10: =AF10 -> 30.606724 | AO10: ='CALIBRATION GUIDE'!D16 -> 30 | AP10: =K148 -> 1 | AQ10: =IF(AN10>0,AO10/AN10,1) -> 0.98017676 | AR10: =IF((AQ10*AP10)<4,AQ10*AP10,1) -> 0.98017676 | AS10: =1+AS9 -> 141 | AT10: =IF('CALIBRATION GUIDE'!E16="Y",RIGHT(DEC2HEX(INT(AR10*2^29+0.5),8),8)," ") -> 1F5D9BA8 | AU10: =K180 -> 0 | AV10: =IF(AM10=" ",0,AM10-'CALIBRATION GUIDE'!$C$8) -> -0.056411867 | AW10: =IF(AV10=0, 0, AV10*60/'CALIBRATION GUIDE'!$C$7) -> -0.06769424 | AX10: =AW10+AU10 -> -0.06769424 | AY10: =1+AY9 -> 173 | AZ10: =IF('CALIBRATION GUIDE'!E16="Y",IF(AI10="V",0,RIGHT(DEC2HEX((AX10)/180*2^31),8)), " ") -> FFF3AD39 | BA10: ="DCM(" & IF(AZ7=" ", "", AY7&":"&AZ7) & IF(AZ8=" ", "", "; "&AY8&":"&AZ8) & IF(AZ9=" ", "", "; "& AY9&":"&AZ9) & IF(AZ10=" ", "", "; "&AY10&":"&AZ10) & IF(AZ11=" ", "", "; "&AY11&":"&AZ11) & IF(AZ12=" ", "", "; "&AY12&":"&AZ12) & IF(AZ13=" ", "", "; "&AY13&":"&AZ13) & IF(AZ14=" ", "", "; "&AY14&":"&AZ14) & IF(AZ15=" ", "", "; "&AY15&":"&AZ15) & IF(AZ16=" ", "", "; "&AY16&":"&AZ16) & IF(AZ17=" ", "", "; "&AY17&":"&AZ17) & IF(AZ18=" ", "", "; "&AY18&":"&AZ18) & IF(AZ19=" ", "", "; "&AY19&":"&AZ19) & IF(AZ20=" ", "", "; "&AY20&":"&AZ20) & IF(AZ21=" ", "", "; "&AY21&":"&AZ21) & IF(AZ22=" ", "", "; "&AY22&":"&AZ22) & IF(AZ23=" ", "", "; "& AY23&":"&AZ23) & IF(AZ24=" ", "", "; "& AY24&":"&AZ24) & IF(AZ25=" ", "", "; "&AY25&":"&AZ25) & IF(AZ26=" ", "", "; "&AY26&":"&AZ26) & IF(AZ27=" ", "", "; "&AY27&":"&AZ27) & IF(AZ28=" ", "", "; "&AY28&":"&AZ28) & IF(AZ29=" ", "", "; "&AY29&":"&AZ29) & IF(AZ30=" ", "", "; "&AY30&":"&AZ30) & IF(AZ31=" ", "", "; "&AY31&":"&AZ31) &IF(AZ32=" ", "", "; "&AY32&":"&AZ32) & IF(AZ33=" ", "", "; "&AY33&":"&AZ33) & IF(AZ34=" ", "", "; "&AY34&":"&AZ34) & IF(AZ35=" ", "", "; "&AY35&":"&AZ35) & IF(AZ36=" ", "", "; "&AY36&":"&AZ36) & IF(AZ37=" ", "", "; "&AY37&":"&AZ37) & IF(AZ38=" ", "", "; "&AY38&":"&AZ38) &")" -> DCM(170:0; 171:0; 172:0; 173:FFF3AD39; 174:FFF22FC1; 175:FFF0A58D)
A11: ='CALIBRATION GUIDE'!B62 -> CH12=0.000A CH13=0.000A CH14=0.000A CH15=0.000A | D11: =D7+2 -> 29 | E11: 1 | G11: =MID(INDIRECT(ADDRESS(D11,1)),(E11-1)*19+1,3) -> 004 | H11: =TRIM(MID(INDIRECT(ADDRESS(D11,1)),(E11-1)*19+4,16)) -> PH_SRC_0_1 | I11: =TRIM(MID(INDIRECT(ADDRESS(D11+1,1)),(E11-1)*19+1,19)) -> 4010300 | J11: uQ32.0 | K11: =(HEX2DEC(LEFT(REPT("0",16-LEN(I11))&I11,10))*16^6+HEX2DEC(RIGHT(I11,6)))/2^(0+MID(J11,FIND(".",J11)+1,2)) -> 67175168 | N11: =N7+2 -> 172 | O11: 1 | Q11: =MID(INDIRECT(ADDRESS(N11,1)),(O11-1)*19+1,3) -> 004 | R11: =TRIM(MID(INDIRECT(ADDRESS(N11,1)),(O11-1)*19+4,16)) -> SAG_FLAG | S11: =TRIM(MID(INDIRECT(ADDRESS(N11+1,1)),(O11-1)*19+1,19)) -> 80 | T11: uQ32.0 | U11: =(HEX2DEC(LEFT(REPT("0",16-LEN(S11))&S11,10))*16^6+HEX2DEC(RIGHT(S11,6)))/2^(0+MID(T11,FIND(".",T11)+1,2)) -> 128 | X11: =X7+2 -> 235 | Y11: 1 | AA11: =MID(INDIRECT(ADDRESS(X11,1)),(Y11-1)*19+1,3) -> 004 | AB11: =TRIM(MID(INDIRECT(ADDRESS(X11,1)),(Y11-1)*19+4,16)) -> CH4 | AC11: =TRIM(MID(INDIRECT(ADDRESS(X11+1,1)),(Y11-1)*19+1,19)) -> 9C7B46F175B | AD11: uQ24.40 | AE11: =(HEX2DEC(LEFT(REPT("0",16-LEN(AC11))&AC11,10))*16^6+HEX2DEC(RIGHT(AC11,6)))/2^(0+MID(AD11,FIND(".",AD11)+1,2)) -> 9.780097 | AF11: =SQRT(AE11/$U$16)*K117 -> 30.522966 | AH11: ='CALIBRATION GUIDE'!B17 -> 4 | AI11: ='CALIBRATION GUIDE'!C17 -> I(CT) | AJ11: =IF('CALIBRATION GUIDE'!C17="V"," ", IF(ISNA(MATCH(AH11,CONFIGURATOR!$D$21:$D$51,0))=TRUE," ",MATCH(AH11,CONFIGURATOR!$D$21:$D$51,0)-1) ) -> 1 | AK11: {=IF(AJ11=" "," ",INDIRECT(ADDRESS(103+AJ11,31)))} -> 12.917101 | AL11: {=IF(AJ11=" "," ",INDIRECT(ADDRESS(135+AJ11,31)))} -> 22.316162 | AM11: =IF(AJ11=" ", " ", IF(OR(AK11=0,AL11=0),0, DEGREES(ATAN2(AK11,AL11)))) -> 59.936767 | AN11: =AF11 -> 30.522966 | AO11: ='CALIBRATION GUIDE'!D17 -> 30 | AP11: =K149 -> 1 | AQ11: =IF(AN11>0,AO11/AN11,1) -> 0.98286648 | AR11: =IF((AQ11*AP11)<4,AQ11*AP11,1) -> 0.98286648 | AS11: =1+AS10 -> 142 | AT11: =IF('CALIBRATION GUIDE'!E17="Y",RIGHT(DEC2HEX(INT(AR11*2^29+0.5),8),8)," ") -> 1F73A467 | AU11: =K181 -> 0 | AV11: =IF(AM11=" ",0,AM11-'CALIBRATION GUIDE'!$C$8) -> -0.063233033 | AW11: =IF(AV11=0, 0, AV11*60/'CALIBRATION GUIDE'!$C$7) -> -0.07587964 | AX11: =AW11+AU11 -> -0.07587964 | AY11: =1+AY10 -> 174 | AZ11: =IF('CALIBRATION GUIDE'!E17="Y",IF(AI11="V",0,RIGHT(DEC2HEX((AX11)/180*2^31),8)), " ") -> FFF22FC1
A12: ='CALIBRATION GUIDE'!B63 -> CH16=0.000A CH17=0.000A CH18=0.000A CH19=0.000A | D12: =D8+2 -> 29 | E12: 2 | G12: =MID(INDIRECT(ADDRESS(D12,1)),(E12-1)*19+1,3) -> 005 | H12: =TRIM(MID(INDIRECT(ADDRESS(D12,1)),(E12-1)*19+4,16)) -> PH_SRC_2_3 | I12: =TRIM(MID(INDIRECT(ADDRESS(D12+1,1)),(E12-1)*19+1,19)) -> 502 | J12: uQ32.0 | K12: =(HEX2DEC(LEFT(REPT("0",16-LEN(I12))&I12,10))*16^6+HEX2DEC(RIGHT(I12,6)))/2^(0+MID(J12,FIND(".",J12)+1,2)) -> 1282 | N12: =N8+2 -> 172 | O12: 2 | Q12: =MID(INDIRECT(ADDRESS(N12,1)),(O12-1)*19+1,3) -> 005 | R12: =TRIM(MID(INDIRECT(ADDRESS(N12,1)),(O12-1)*19+4,16)) -> CREEP_FLAG | S12: =TRIM(MID(INDIRECT(ADDRESS(N12+1,1)),(O12-1)*19+1,19)) -> 0 | T12: uQ32.0 | U12: =(HEX2DEC(LEFT(REPT("0",16-LEN(S12))&S12,10))*16^6+HEX2DEC(RIGHT(S12,6)))/2^(0+MID(T12,FIND(".",T12)+1,2)) -> 0 | X12: =X8+2 -> 235 | Y12: 2 | AA12: =MID(INDIRECT(ADDRESS(X12,1)),(Y12-1)*19+1,3) -> 005 | AB12: =TRIM(MID(INDIRECT(ADDRESS(X12,1)),(Y12-1)*19+4,16)) -> CH5 | AC12: =TRIM(MID(INDIRECT(ADDRESS(X12+1,1)),(Y12-1)*19+1,19)) -> 9C6F3742EA8 | AD12: uQ24.40 | AE12: =(HEX2DEC(LEFT(REPT("0",16-LEN(AC12))&AC12,10))*16^6+HEX2DEC(RIGHT(AC12,6)))/2^(0+MID(AD12,FIND(".",AD12)+1,2)) -> 9.7771523 | AF12: =SQRT(AE12/$U$16)*K118 -> 30.518371 | AH12: ='CALIBRATION GUIDE'!B18 -> 5 | AI12: ='CALIBRATION GUIDE'!C18 -> I(CT) | AJ12: =IF('CALIBRATION GUIDE'!C18="V"," ", IF(ISNA(MATCH(AH12,CONFIGURATOR!$D$21:$D$51,0))=TRUE," ",MATCH(AH12,CONFIGURATOR!$D$21:$D$51,0)-1) ) -> 2 | AK12: {=IF(AJ12=" "," ",INDIRECT(ADDRESS(103+AJ12,31)))} -> 12.916565 | AL12: {=IF(AJ12=" "," ",INDIRECT(ADDRESS(135+AJ12,31)))} -> 22.308904 | AM12: =IF(AJ12=" ", " ", IF(OR(AK12=0,AL12=0),0, DEGREES(ATAN2(AK12,AL12)))) -> 59.929718 | AN12: =AF12 -> 30.518371 | AO12: ='CALIBRATION GUIDE'!D18 -> 30 | AP12: =K150 -> 1 | AQ12: =IF(AN12>0,AO12/AN12,1) -> 0.98301448 | AR12: =IF((AQ12*AP12)<4,AQ12*AP12,1) -> 0.98301448 | AS12: =1+AS11 -> 143 | AT12: =IF('CALIBRATION GUIDE'!E18="Y",RIGHT(DEC2HEX(INT(AR12*2^29+0.5),8),8)," ") -> 1F74DAC6 | AU12: =K182 -> 0 | AV12: =IF(AM12=" ",0,AM12-'CALIBRATION GUIDE'!$C$8) -> -0.070281943 | AW12: =IF(AV12=0, 0, AV12*60/'CALIBRATION GUIDE'!$C$7) -> -0.084338331 | AX12: =AW12+AU12 -> -0.084338331 | AY12: =1+AY11 -> 175 | AZ12: =IF('CALIBRATION GUIDE'!E18="Y",IF(AI12="V",0,RIGHT(DEC2HEX((AX12)/180*2^31),8)), " ") -> FFF0A58D
A13: ='CALIBRATION GUIDE'!B64 -> CH20=0.000A CH21=0.000A CH22=0.000A CH23=0.000A | D13: =D9+2 -> 29 | E13: 3 | G13: =MID(INDIRECT(ADDRESS(D13,1)),(E13-1)*19+1,3) -> 006 | H13: =TRIM(MID(INDIRECT(ADDRESS(D13,1)),(E13-1)*19+4,16)) -> PH_SRC_4_5 | I13: =TRIM(MID(INDIRECT(ADDRESS(D13+1,1)),(E13-1)*19+1,19)) -> 0 | J13: uQ32.0 | K13: =(HEX2DEC(LEFT(REPT("0",16-LEN(I13))&I13,10))*16^6+HEX2DEC(RIGHT(I13,6)))/2^(0+MID(J13,FIND(".",J13)+1,2)) -> 0 | N13: =N9+2 -> 172 | O13: 3 | Q13: =MID(INDIRECT(ADDRESS(N13,1)),(O13-1)*19+1,3) -> 006 | R13: =TRIM(MID(INDIRECT(ADDRESS(N13,1)),(O13-1)*19+4,16)) -> PH_ACTIVE_FLAG | S13: =TRIM(MID(INDIRECT(ADDRESS(N13+1,1)),(O13-1)*19+1,19)) -> 7 | T13: uQ32.0 | U13: =(HEX2DEC(LEFT(REPT("0",16-LEN(S13))&S13,10))*16^6+HEX2DEC(RIGHT(S13,6)))/2^(0+MID(T13,FIND(".",T13)+1,2)) -> 7 | X13: =X9+2 -> 235 | Y13: 3 | AA13: =MID(INDIRECT(ADDRESS(X13,1)),(Y13-1)*19+1,3) -> 006 | AB13: =TRIM(MID(INDIRECT(ADDRESS(X13,1)),(Y13-1)*19+4,16)) -> CH6 | AC13: =TRIM(MID(INDIRECT(ADDRESS(X13+1,1)),(Y13-1)*19+1,19)) -> 2705D | AD13: uQ24.40 | AE13: =(HEX2DEC(LEFT(REPT("0",16-LEN(AC13))&AC13,10))*16^6+HEX2DEC(RIGHT(AC13,6)))/2^(0+MID(AD13,FIND(".",AD13)+1,2)) -> 1.453709e-07 | AF13: =SQRT(AE13/$U$16)*K119 -> 0.0037212933 | AH13: ='CALIBRATION GUIDE'!B19 -> 6 | AI13: ='CALIBRATION GUIDE'!C19 -> I(CT) | AJ13: =IF('CALIBRATION GUIDE'!C19="V"," ", IF(ISNA(MATCH(AH13,CONFIGURATOR!$D$21:$D$51,0))=TRUE," ",MATCH(AH13,CONFIGURATOR!$D$21:$D$51,0)-1) ) -> 3 | AK13: {=IF(AJ13=" "," ",INDIRECT(ADDRESS(103+AJ13,31)))} -> 0 | AL13: {=IF(AJ13=" "," ",INDIRECT(ADDRESS(135+AJ13,31)))} -> 0 | AM13: =IF(AJ13=" ", " ", IF(OR(AK13=0,AL13=0),0, DEGREES(ATAN2(AK13,AL13)))) -> 0 | AN13: =AF13 -> 0.0037212933 | AO13: ='CALIBRATION GUIDE'!D19 -> 30 | AP13: =K151 -> 1 | AQ13: =IF(AN13>0,AO13/AN13,1) -> 8061.7134 | AR13: =IF((AQ13*AP13)<4,AQ13*AP13,1) -> 1 | AS13: =1+AS12 -> 144 | AT13: =IF('CALIBRATION GUIDE'!E19="Y",RIGHT(DEC2HEX(INT(AR13*2^29+0.5),8),8)," ") | AU13: =K183 -> 0 | AV13: =IF(AM13=" ",0,AM13-'CALIBRATION GUIDE'!$C$8) -> -60 | AW13: =IF(AV13=0, 0, AV13*60/'CALIBRATION GUIDE'!$C$7) -> -72 | AX13: =AW13+AU13 -> -72 | AY13: =1+AY12 -> 176 | AZ13: =IF('CALIBRATION GUIDE'!E19="Y",IF(AI13="V",0,RIGHT(DEC2HEX((AX13)/180*2^31),8)), " ")
A14: ='CALIBRATION GUIDE'!B65 -> CH24=0.000A CH25=0.000A CH26=0.000A CH27=0.000A | D14: =D10+2 -> 29 | E14: 4 | G14: =MID(INDIRECT(ADDRESS(D14,1)),(E14-1)*19+1,3) -> 007 | H14: =TRIM(MID(INDIRECT(ADDRESS(D14,1)),(E14-1)*19+4,16)) -> PH_SRC_6_7 | I14: =TRIM(MID(INDIRECT(ADDRESS(D14+1,1)),(E14-1)*19+1,19)) -> 0 | J14: uQ32.0 | K14: =(HEX2DEC(LEFT(REPT("0",16-LEN(I14))&I14,10))*16^6+HEX2DEC(RIGHT(I14,6)))/2^(0+MID(J14,FIND(".",J14)+1,2)) -> 0 | N14: =N10+2 -> 172 | O14: 4 | Q14: =MID(INDIRECT(ADDRESS(N14,1)),(O14-1)*19+1,3) -> 007 | R14: =TRIM(MID(INDIRECT(ADDRESS(N14,1)),(O14-1)*19+4,16)) -> CAPTURE_STATUS | S14: =TRIM(MID(INDIRECT(ADDRESS(N14+1,1)),(O14-1)*19+1,19)) -> 0 | T14: uQ32.0 | U14: =(HEX2DEC(LEFT(REPT("0",16-LEN(S14))&S14,10))*16^6+HEX2DEC(RIGHT(S14,6)))/2^(0+MID(T14,FIND(".",T14)+1,2)) -> 0 | X14: =X10+2 -> 235 | Y14: 4 | AA14: =MID(INDIRECT(ADDRESS(X14,1)),(Y14-1)*19+1,3) -> 007 | AB14: =TRIM(MID(INDIRECT(ADDRESS(X14,1)),(Y14-1)*19+4,16)) -> CH7 | AC14: =TRIM(MID(INDIRECT(ADDRESS(X14+1,1)),(Y14-1)*19+1,19)) -> 22FB8 | AD14: uQ24.40 | AE14: =(HEX2DEC(LEFT(REPT("0",16-LEN(AC14))&AC14,10))*16^6+HEX2DEC(RIGHT(AC14,6)))/2^(0+MID(AD14,FIND(".",AD14)+1,2)) -> 1.3031968e-07 | AF14: =SQRT(AE14/$U$16)*K120 -> 0.0094237135 | AH14: ='CALIBRATION GUIDE'!B20 -> 7 | AI14: ='CALIBRATION GUIDE'!C20 -> I(CT) | AJ14: =IF('CALIBRATION GUIDE'!C20="V"," ", IF(ISNA(MATCH(AH14,CONFIGURATOR!$D$21:$D$51,0))=TRUE," ",MATCH(AH14,CONFIGURATOR!$D$21:$D$51,0)-1) ) -> 4 | AK14: {=IF(AJ14=" "," ",INDIRECT(ADDRESS(103+AJ14,31)))} -> 0 | AL14: {=IF(AJ14=" "," ",INDIRECT(ADDRESS(135+AJ14,31)))} -> 0 | AM14: =IF(AJ14=" ", " ", IF(OR(AK14=0,AL14=0),0, DEGREES(ATAN2(AK14,AL14)))) -> 0 | AN14: =AF14 -> 0.0094237135 | AO14: ='CALIBRATION GUIDE'!D20 -> 30 | AP14: =K152 -> 1 | AQ14: =IF(AN14>0,AO14/AN14,1) -> 3183.4584 | AR14: =IF((AQ14*AP14)<4,AQ14*AP14,1) -> 1 | AS14: =1+AS13 -> 145 | AT14: =IF('CALIBRATION GUIDE'!E20="Y",RIGHT(DEC2HEX(INT(AR14*2^29+0.5),8),8)," ") | AU14: =K184 -> 0 | AV14: =IF(AM14=" ",0,AM14-'CALIBRATION GUIDE'!$C$8) -> -60 | AW14: =IF(AV14=0, 0, AV14*60/'CALIBRATION GUIDE'!$C$7) -> -72 | AX14: =AW14+AU14 -> -72 | AY14: =1+AY13 -> 177 | AZ14: =IF('CALIBRATION GUIDE'!E20="Y",IF(AI14="V",0,RIGHT(DEC2HEX((AX14)/180*2^31),8)), " ")
A15: ='CALIBRATION GUIDE'!B66 -> CH28=0.000A CH29=0.000A CH30=0.000A CH31=0.000A | D15: =D11+2 -> 31 | E15: 1 | G15: =MID(INDIRECT(ADDRESS(D15,1)),(E15-1)*19+1,3) -> 008 | H15: =TRIM(MID(INDIRECT(ADDRESS(D15,1)),(E15-1)*19+4,16)) -> PH_SRC_8_9 | I15: =TRIM(MID(INDIRECT(ADDRESS(D15+1,1)),(E15-1)*19+1,19)) -> 0 | J15: uQ32.0 | K15: =(HEX2DEC(LEFT(REPT("0",16-LEN(I15))&I15,10))*16^6+HEX2DEC(RIGHT(I15,6)))/2^(0+MID(J15,FIND(".",J15)+1,2)) -> 0 | N15: =N11+2 -> 174 | O15: 1 | Q15: =MID(INDIRECT(ADDRESS(N15,1)),(O15-1)*19+1,3) -> 008 | R15: =TRIM(MID(INDIRECT(ADDRESS(N15,1)),(O15-1)*19+4,16)) -> INTERVAL_NUM | S15: =TRIM(MID(INDIRECT(ADDRESS(N15+1,1)),(O15-1)*19+1,19)) -> 3D60015 | T15: uQ32.0 | U15: =(HEX2DEC(LEFT(REPT("0",16-LEN(S15))&S15,10))*16^6+HEX2DEC(RIGHT(S15,6)))/2^(0+MID(T15,FIND(".",T15)+1,2)) -> 64356373 | X15: =X11+2 -> 237 | Y15: 1 | AA15: =MID(INDIRECT(ADDRESS(X15,1)),(Y15-1)*19+1,3) -> 008 | AB15: =TRIM(MID(INDIRECT(ADDRESS(X15,1)),(Y15-1)*19+4,16)) -> CH8 | AC15: =TRIM(MID(INDIRECT(ADDRESS(X15+1,1)),(Y15-1)*19+1,19)) -> 0 | AD15: uQ24.40 | AE15: =(HEX2DEC(LEFT(REPT("0",16-LEN(AC15))&AC15,10))*16^6+HEX2DEC(RIGHT(AC15,6)))/2^(0+MID(AD15,FIND(".",AD15)+1,2)) -> 0 | AF15: =SQRT(AE15/$U$16)*K121 -> 0 | AH15: ='CALIBRATION GUIDE'!B21 -> 8 | AI15: ='CALIBRATION GUIDE'!C21 -> I(CT) | AJ15: =IF('CALIBRATION GUIDE'!C21="V"," ", IF(ISNA(MATCH(AH15,CONFIGURATOR!$D$21:$D$51,0))=TRUE," ",MATCH(AH15,CONFIGURATOR!$D$21:$D$51,0)-1) ) -> 5 | AK15: {=IF(AJ15=" "," ",INDIRECT(ADDRESS(103+AJ15,31)))} -> 0 | AL15: {=IF(AJ15=" "," ",INDIRECT(ADDRESS(135+AJ15,31)))} -> 0 | AM15: =IF(AJ15=" ", " ", IF(OR(AK15=0,AL15=0),0, DEGREES(ATAN2(AK15,AL15)))) -> 0 | AN15: =AF15 -> 0 | AO15: ='CALIBRATION GUIDE'!D21 -> 30 | AP15: =K153 -> 1 | AQ15: =IF(AN15>0,AO15/AN15,1) -> 1 | AR15: =IF((AQ15*AP15)<4,AQ15*AP15,1) -> 1 | AS15: =1+AS14 -> 146 | AT15: =IF('CALIBRATION GUIDE'!E21="Y",RIGHT(DEC2HEX(INT(AR15*2^29+0.5),8),8)," ") | AU15: =K185 -> 0 | AV15: =IF(AM15=" ",0,AM15-'CALIBRATION GUIDE'!$C$8) -> -60 | AW15: =IF(AV15=0, 0, AV15*60/'CALIBRATION GUIDE'!$C$7) -> -72 | AX15: =AW15+AU15 -> -72 | AY15: =1+AY14 -> 178 | AZ15: =IF('CALIBRATION GUIDE'!E21="Y",IF(AI15="V",0,RIGHT(DEC2HEX((AX15)/180*2^31),8)), " ")
A16: ='CALIBRATION GUIDE'!B67 -> PAR[A] | D16: =D12+2 -> 31 | E16: 2 | G16: =MID(INDIRECT(ADDRESS(D16,1)),(E16-1)*19+1,3) -> 009 | H16: =TRIM(MID(INDIRECT(ADDRESS(D16,1)),(E16-1)*19+4,16)) -> PH_SRC_10_11 | I16: =TRIM(MID(INDIRECT(ADDRESS(D16+1,1)),(E16-1)*19+1,19)) -> 0 | J16: uQ32.0 | K16: =HEX2DEC(IF(AND(LEN(I16)=8,HEX2DEC(LEFT(I16,1))>7),"FF","00")&I16)/2^(0+MID(J16,FIND(".",J16)+1,2)) -> 0 | N16: =N12+2 -> 174 | O16: 2 | Q16: =MID(INDIRECT(ADDRESS(N16,1)),(O16-1)*19+1,3) -> 009 | R16: =TRIM(MID(INDIRECT(ADDRESS(N16,1)),(O16-1)*19+4,16)) -> N | S16: =TRIM(MID(INDIRECT(ADDRESS(N16+1,1)),(O16-1)*19+1,19)) -> FA0 | T16: uQ16.0 | U16: =HEX2DEC(IF(AND(LEN(S16)=8,HEX2DEC(LEFT(S16,1))>7),"FF","00")&S16)/2^(0+MID(T16,FIND(".",T16)+1,2)) -> 4000 | X16: =X12+2 -> 237 | Y16: 2 | AA16: =MID(INDIRECT(ADDRESS(X16,1)),(Y16-1)*19+1,3) -> 009 | AB16: =TRIM(MID(INDIRECT(ADDRESS(X16,1)),(Y16-1)*19+4,16)) -> CH9 | AC16: =TRIM(MID(INDIRECT(ADDRESS(X16+1,1)),(Y16-1)*19+1,19)) -> 0 | AD16: uQ24.40 | AE16: =(HEX2DEC(LEFT(REPT("0",16-LEN(AC16))&AC16,10))*16^6+HEX2DEC(RIGHT(AC16,6)))/2^(0+MID(AD16,FIND(".",AD16)+1,2)) -> 0 | AF16: =SQRT(AE16/$U$16)*K122 -> 0 | AH16: ='CALIBRATION GUIDE'!B22 -> 9 | AI16: ='CALIBRATION GUIDE'!C22 -> I(CT) | AJ16: =IF('CALIBRATION GUIDE'!C22="V"," ", IF(ISNA(MATCH(AH16,CONFIGURATOR!$D$21:$D$51,0))=TRUE," ",MATCH(AH16,CONFIGURATOR!$D$21:$D$51,0)-1) ) -> 6 | AK16: {=IF(AJ16=" "," ",INDIRECT(ADDRESS(103+AJ16,31)))} -> 0 | AL16: {=IF(AJ16=" "," ",INDIRECT(ADDRESS(135+AJ16,31)))} -> 0 | AM16: =IF(AJ16=" ", " ", IF(OR(AK16=0,AL16=0),0, DEGREES(ATAN2(AK16,AL16)))) -> 0 | AN16: =AF16 -> 0 | AO16: ='CALIBRATION GUIDE'!D22 -> 30 | AP16: =K154 -> 1 | AQ16: =IF(AN16>0,AO16/AN16,1) -> 1 | AR16: =IF((AQ16*AP16)<4,AQ16*AP16,1) -> 1 | AS16: =1+AS15 -> 147 | AT16: =IF('CALIBRATION GUIDE'!E22="Y",RIGHT(DEC2HEX(INT(AR16*2^29+0.5),8),8)," ") | AU16: =K186 -> 0 | AV16: =IF(AM16=" ",0,AM16-'CALIBRATION GUIDE'!$C$8) -> -60 | AW16: =IF(AV16=0, 0, AV16*60/'CALIBRATION GUIDE'!$C$7) -> -72 | AX16: =AW16+AU16 -> -72 | AY16: =1+AY15 -> 179 | AZ16: =IF('CALIBRATION GUIDE'!E22="Y",IF(AI16="V",0,RIGHT(DEC2HEX((AX16)/180*2^31),8)), " ")
A17: ='CALIBRATION GUIDE'!B68 -> Voltage and current angle is : | D17: =D13+2 -> 31 | E17: 3 | G17: =MID(INDIRECT(ADDRESS(D17,1)),(E17-1)*19+1,3) -> 010 | H17: =TRIM(MID(INDIRECT(ADDRESS(D17,1)),(E17-1)*19+4,16)) -> PH_SRC_12_13 | I17: =TRIM(MID(INDIRECT(ADDRESS(D17+1,1)),(E17-1)*19+1,19)) -> 0 | J17: uQ32.0 | K17: =HEX2DEC(IF(AND(LEN(I17)=8,HEX2DEC(LEFT(I17,1))>7),"FF","00")&I17)/2^(0+MID(J17,FIND(".",J17)+1,2)) -> 0 | N17: =N13+2 -> 174 | O17: 3 | Q17: =MID(INDIRECT(ADDRESS(N17,1)),(O17-1)*19+1,3) -> 010 | R17: =TRIM(MID(INDIRECT(ADDRESS(N17,1)),(O17-1)*19+4,16)) -> PH_OFFSET | S17: =TRIM(MID(INDIRECT(ADDRESS(N17+1,1)),(O17-1)*19+1,19)) -> FF0A3D71 | T17: sQ0.31 | U17: =HEX2DEC(IF(AND(LEN(S17)=8,HEX2DEC(LEFT(S17,1))>7),"FF","00")&S17)/2^(0+MID(T17,FIND(".",T17)+1,2)) -> -0.0074999998 | X17: =X13+2 -> 237 | Y17: 3 | AA17: =MID(INDIRECT(ADDRESS(X17,1)),(Y17-1)*19+1,3) -> 010 | AB17: =TRIM(MID(INDIRECT(ADDRESS(X17,1)),(Y17-1)*19+4,16)) -> CH10 | AC17: =TRIM(MID(INDIRECT(ADDRESS(X17+1,1)),(Y17-1)*19+1,19)) -> 0 | AD17: uQ24.40 | AE17: =(HEX2DEC(LEFT(REPT("0",16-LEN(AC17))&AC17,10))*16^6+HEX2DEC(RIGHT(AC17,6)))/2^(0+MID(AD17,FIND(".",AD17)+1,2)) -> 0 | AF17: =SQRT(AE17/$U$16)*K123 -> 0 | AH17: ='CALIBRATION GUIDE'!B23 -> 10 | AI17: ='CALIBRATION GUIDE'!C23 -> I(CT) | AJ17: =IF('CALIBRATION GUIDE'!C23="V"," ", IF(ISNA(MATCH(AH17,CONFIGURATOR!$D$21:$D$51,0))=TRUE," ",MATCH(AH17,CONFIGURATOR!$D$21:$D$51,0)-1) ) -> 7 | AK17: {=IF(AJ17=" "," ",INDIRECT(ADDRESS(103+AJ17,31)))} -> 0 | AL17: {=IF(AJ17=" "," ",INDIRECT(ADDRESS(135+AJ17,31)))} -> 0 | AM17: =IF(AJ17=" ", " ", IF(OR(AK17=0,AL17=0),0, DEGREES(ATAN2(AK17,AL17)))) -> 0 | AN17: =AF17 -> 0 | AO17: ='CALIBRATION GUIDE'!D23 -> 30 | AP17: =K155 -> 1 | AQ17: =IF(AN17>0,AO17/AN17,1) -> 1 | AR17: =IF((AQ17*AP17)<4,AQ17*AP17,1) -> 1 | AS17: =1+AS16 -> 148 | AT17: =IF('CALIBRATION GUIDE'!E23="Y",RIGHT(DEC2HEX(INT(AR17*2^29+0.5),8),8)," ") | AU17: =K187 -> 0 | AV17: =IF(AM17=" ",0,AM17-'CALIBRATION GUIDE'!$C$8) -> -60 | AW17: =IF(AV17=0, 0, AV17*60/'CALIBRATION GUIDE'!$C$7) -> -72 | AX17: =AW17+AU17 -> -72 | AY17: =1+AY16 -> 180 | AZ17: =IF('CALIBRATION GUIDE'!E23="Y",IF(AI17="V",0,RIGHT(DEC2HEX((AX17)/180*2^31),8)), " ")
A18: ='CALIBRATION GUIDE'!B69 -> Angle_PW00= 59.936 Angle_PW01= 59.934 Angle_PW02= 59.929 Angle_PW03= 0.000 | D18: =D14+2 -> 31 | E18: 4 | G18: =MID(INDIRECT(ADDRESS(D18,1)),(E18-1)*19+1,3) -> 011 | H18: =TRIM(MID(INDIRECT(ADDRESS(D18,1)),(E18-1)*19+4,16)) -> PH_SRC_14_15 | I18: =TRIM(MID(INDIRECT(ADDRESS(D18+1,1)),(E18-1)*19+1,19)) -> 0 | J18: uQ32.0 | K18: =HEX2DEC(IF(AND(LEN(I18)=8,HEX2DEC(LEFT(I18,1))>7),"FF","00")&I18)/2^(0+MID(J18,FIND(".",J18)+1,2)) -> 0 | N18: =N14+2 -> 174 | O18: 4 | Q18: =MID(INDIRECT(ADDRESS(N18,1)),(O18-1)*19+1,3) -> 011 | R18: =TRIM(MID(INDIRECT(ADDRESS(N18,1)),(O18-1)*19+4,16)) -> FREQ | S18: =TRIM(MID(INDIRECT(ADDRESS(N18+1,1)),(O18-1)*19+1,19)) -> 31FFE | T18: uQ20.12 | U18: =HEX2DEC(IF(AND(LEN(S18)=8,HEX2DEC(LEFT(S18,1))>7),"FF","00")&S18)/2^(0+MID(T18,FIND(".",T18)+1,2)) -> 49.999512 | X18: =X14+2 -> 237 | Y18: 4 | AA18: =MID(INDIRECT(ADDRESS(X18,1)),(Y18-1)*19+1,3) -> 011 | AB18: =TRIM(MID(INDIRECT(ADDRESS(X18,1)),(Y18-1)*19+4,16)) -> CH11 | AC18: =TRIM(MID(INDIRECT(ADDRESS(X18+1,1)),(Y18-1)*19+1,19)) -> 0 | AD18: uQ24.40 | AE18: =(HEX2DEC(LEFT(REPT("0",16-LEN(AC18))&AC18,10))*16^6+HEX2DEC(RIGHT(AC18,6)))/2^(0+MID(AD18,FIND(".",AD18)+1,2)) -> 0 | AF18: =SQRT(AE18/$U$16)*K124 -> 0 | AH18: ='CALIBRATION GUIDE'!B24 -> 11 | AI18: ='CALIBRATION GUIDE'!C24 -> I(CT) | AJ18: =IF('CALIBRATION GUIDE'!C24="V"," ", IF(ISNA(MATCH(AH18,CONFIGURATOR!$D$21:$D$51,0))=TRUE," ",MATCH(AH18,CONFIGURATOR!$D$21:$D$51,0)-1) ) -> 8 | AK18: {=IF(AJ18=" "," ",INDIRECT(ADDRESS(103+AJ18,31)))} -> 0 | AL18: {=IF(AJ18=" "," ",INDIRECT(ADDRESS(135+AJ18,31)))} -> 0 | AM18: =IF(AJ18=" ", " ", IF(OR(AK18=0,AL18=0),0, DEGREES(ATAN2(AK18,AL18)))) -> 0 | AN18: =AF18 -> 0 | AO18: ='CALIBRATION GUIDE'!D24 -> 30 | AP18: =K156 -> 1 | AQ18: =IF(AN18>0,AO18/AN18,1) -> 1 | AR18: =IF((AQ18*AP18)<4,AQ18*AP18,1) -> 1 | AS18: =1+AS17 -> 149 | AT18: =IF('CALIBRATION GUIDE'!E24="Y",RIGHT(DEC2HEX(INT(AR18*2^29+0.5),8),8)," ") | AU18: =K188 -> 0 | AV18: =IF(AM18=" ",0,AM18-'CALIBRATION GUIDE'!$C$8) -> -60 | AW18: =IF(AV18=0, 0, AV18*60/'CALIBRATION GUIDE'!$C$7) -> -72 | AX18: =AW18+AU18 -> -72 | AY18: =1+AY17 -> 181 | AZ18: =IF('CALIBRATION GUIDE'!E24="Y",IF(AI18="V",0,RIGHT(DEC2HEX((AX18)/180*2^31),8)), " ")
A19: ='CALIBRATION GUIDE'!B70 -> Angle_PW04= 0.000 Angle_PW05= 0.000 Angle_PW06= 0.000 Angle_PW07= 0.000 | D19: =D15+2 -> 33 | E19: 1 | G19: =MID(INDIRECT(ADDRESS(D19,1)),(E19-1)*19+1,3) -> 012 | H19: =TRIM(MID(INDIRECT(ADDRESS(D19,1)),(E19-1)*19+4,16)) -> PH_SRC_16_17 | I19: =TRIM(MID(INDIRECT(ADDRESS(D19+1,1)),(E19-1)*19+1,19)) -> 0 | J19: uQ32.0 | K19: =HEX2DEC(IF(AND(LEN(I19)=8,HEX2DEC(LEFT(I19,1))>7),"FF","00")&I19)/2^(0+MID(J19,FIND(".",J19)+1,2)) -> 0 | N19: =N15+2 -> 176 | O19: 1 | Q19: =MID(INDIRECT(ADDRESS(N19,1)),(O19-1)*19+1,3) -> 012 | R19: =TRIM(MID(INDIRECT(ADDRESS(N19,1)),(O19-1)*19+4,16)) -> FREQ_CH0 | S19: =TRIM(MID(INDIRECT(ADDRESS(N19+1,1)),(O19-1)*19+1,19)) -> 31FFE | T19: uQ20.12 | U19: =HEX2DEC(IF(AND(LEN(S19)=8,HEX2DEC(LEFT(S19,1))>7),"FF","00")&S19)/2^(0+MID(T19,FIND(".",T19)+1,2)) -> 49.999512 | X19: =X15+2 -> 239 | Y19: 1 | AA19: =MID(INDIRECT(ADDRESS(X19,1)),(Y19-1)*19+1,3) -> 012 | AB19: =TRIM(MID(INDIRECT(ADDRESS(X19,1)),(Y19-1)*19+4,16)) -> CH12 | AC19: =TRIM(MID(INDIRECT(ADDRESS(X19+1,1)),(Y19-1)*19+1,19)) -> 0 | AD19: uQ24.40 | AE19: =(HEX2DEC(LEFT(REPT("0",16-LEN(AC19))&AC19,10))*16^6+HEX2DEC(RIGHT(AC19,6)))/2^(0+MID(AD19,FIND(".",AD19)+1,2)) -> 0 | AF19: =SQRT(AE19/$U$16)*K125 -> 0 | AH19: ='CALIBRATION GUIDE'!B25 -> 12 | AI19: ='CALIBRATION GUIDE'!C25 -> I(CT) | AJ19: =IF('CALIBRATION GUIDE'!C25="V"," ", IF(ISNA(MATCH(AH19,CONFIGURATOR!$D$21:$D$51,0))=TRUE," ",MATCH(AH19,CONFIGURATOR!$D$21:$D$51,0)-1) ) | AK19: {=IF(AJ19=" "," ",INDIRECT(ADDRESS(103+AJ19,31)))} | AL19: {=IF(AJ19=" "," ",INDIRECT(ADDRESS(135+AJ19,31)))} | AM19: =IF(AJ19=" ", " ", IF(OR(AK19=0,AL19=0),0, DEGREES(ATAN2(AK19,AL19)))) | AN19: =AF19 -> 0 | AO19: ='CALIBRATION GUIDE'!D25 -> 30 | AP19: =K157 -> 1 | AQ19: =IF(AN19>0,AO19/AN19,1) -> 1 | AR19: =IF((AQ19*AP19)<4,AQ19*AP19,1) -> 1 | AS19: =1+AS18 -> 150 | AT19: =IF('CALIBRATION GUIDE'!E25="Y",RIGHT(DEC2HEX(INT(AR19*2^29+0.5),8),8)," ") | AU19: =K189 -> 0 | AV19: =IF(AM19=" ",0,AM19-'CALIBRATION GUIDE'!$C$8) -> 0 | AW19: =IF(AV19=0, 0, AV19*60/'CALIBRATION GUIDE'!$C$7) -> 0 | AX19: =AW19+AU19 -> 0 | AY19: =1+AY18 -> 182 | AZ19: =IF('CALIBRATION GUIDE'!E25="Y",IF(AI19="V",0,RIGHT(DEC2HEX((AX19)/180*2^31),8)), " ")
A20: ='CALIBRATION GUIDE'!B71 -> Angle_PW08= 0.000 Angle_PW09= 0.000 Angle_PW10= 0.000 Angle_PW11= 0.000 | D20: =D16+2 -> 33 | E20: 2 | G20: =MID(INDIRECT(ADDRESS(D20,1)),(E20-1)*19+1,3) -> 013 | H20: =TRIM(MID(INDIRECT(ADDRESS(D20,1)),(E20-1)*19+4,16)) -> PH_SRC_18_19 | I20: =TRIM(MID(INDIRECT(ADDRESS(D20+1,1)),(E20-1)*19+1,19)) -> 0 | J20: uQ32.0 | K20: =HEX2DEC(IF(AND(LEN(I20)=8,HEX2DEC(LEFT(I20,1))>7),"FF","00")&I20)/2^(0+MID(J20,FIND(".",J20)+1,2)) -> 0 | N20: =N16+2 -> 176 | O20: 2 | Q20: =MID(INDIRECT(ADDRESS(N20,1)),(O20-1)*19+1,3) -> 013 | R20: =TRIM(MID(INDIRECT(ADDRESS(N20,1)),(O20-1)*19+4,16)) -> FREQ_CH1 | S20: =TRIM(MID(INDIRECT(ADDRESS(N20+1,1)),(O20-1)*19+1,19)) -> 31FFE | T20: uQ20.12 | U20: =HEX2DEC(IF(AND(LEN(S20)=8,HEX2DEC(LEFT(S20,1))>7),"FF","00")&S20)/2^(0+MID(T20,FIND(".",T20)+1,2)) -> 49.999512 | X20: =X16+2 -> 239 | Y20: 2 | AA20: =MID(INDIRECT(ADDRESS(X20,1)),(Y20-1)*19+1,3) -> 013 | AB20: =TRIM(MID(INDIRECT(ADDRESS(X20,1)),(Y20-1)*19+4,16)) -> CH13 | AC20: =TRIM(MID(INDIRECT(ADDRESS(X20+1,1)),(Y20-1)*19+1,19)) -> 0 | AD20: uQ24.40 | AE20: =(HEX2DEC(LEFT(REPT("0",16-LEN(AC20))&AC20,10))*16^6+HEX2DEC(RIGHT(AC20,6)))/2^(0+MID(AD20,FIND(".",AD20)+1,2)) -> 0 | AF20: =SQRT(AE20/$U$16)*K126 -> 0 | AH20: ='CALIBRATION GUIDE'!B26 -> 13 | AI20: ='CALIBRATION GUIDE'!C26 -> I(CT) | AJ20: =IF('CALIBRATION GUIDE'!C26="V"," ", IF(ISNA(MATCH(AH20,CONFIGURATOR!$D$21:$D$51,0))=TRUE," ",MATCH(AH20,CONFIGURATOR!$D$21:$D$51,0)-1) ) | AK20: {=IF(AJ20=" "," ",INDIRECT(ADDRESS(103+AJ20,31)))} | AL20: {=IF(AJ20=" "," ",INDIRECT(ADDRESS(135+AJ20,31)))} | AM20: =IF(AJ20=" ", " ", IF(OR(AK20=0,AL20=0),0, DEGREES(ATAN2(AK20,AL20)))) | AN20: =AF20 -> 0 | AO20: ='CALIBRATION GUIDE'!D26 -> 30 | AP20: =K158 -> 1 | AQ20: =IF(AN20>0,AO20/AN20,1) -> 1 | AR20: =IF((AQ20*AP20)<4,AQ20*AP20,1) -> 1 | AS20: =1+AS19 -> 151 | AT20: =IF('CALIBRATION GUIDE'!E26="Y",RIGHT(DEC2HEX(INT(AR20*2^29+0.5),8),8)," ") | AU20: =K190 -> 0 | AV20: =IF(AM20=" ",0,AM20-'CALIBRATION GUIDE'!$C$8) -> 0 | AW20: =IF(AV20=0, 0, AV20*60/'CALIBRATION GUIDE'!$C$7) -> 0 | AX20: =AW20+AU20 -> 0 | AY20: =1+AY19 -> 183 | AZ20: =IF('CALIBRATION GUIDE'!E26="Y",IF(AI20="V",0,RIGHT(DEC2HEX((AX20)/180*2^31),8)), " ")
A21: ='CALIBRATION GUIDE'!B72 -> Angle_PW12= 0.000 Angle_PW13= 0.000 Angle_PW14= 0.000 Angle_PW15= 0.000 | D21: =D17+2 -> 33 | E21: 3 | G21: =MID(INDIRECT(ADDRESS(D21,1)),(E21-1)*19+1,3) -> 014 | H21: =TRIM(MID(INDIRECT(ADDRESS(D21,1)),(E21-1)*19+4,16)) -> PH_SRC_20_21 | I21: =TRIM(MID(INDIRECT(ADDRESS(D21+1,1)),(E21-1)*19+1,19)) -> 0 | J21: uQ32.0 | K21: =HEX2DEC(IF(AND(LEN(I21)=8,HEX2DEC(LEFT(I21,1))>7),"FF","00")&I21)/2^(0+MID(J21,FIND(".",J21)+1,2)) -> 0 | N21: =N17+2 -> 176 | O21: 3 | Q21: =MID(INDIRECT(ADDRESS(N21,1)),(O21-1)*19+1,3) -> 014 | R21: =TRIM(MID(INDIRECT(ADDRESS(N21,1)),(O21-1)*19+4,16)) -> FREQ_CH2 | S21: =TRIM(MID(INDIRECT(ADDRESS(N21+1,1)),(O21-1)*19+1,19)) -> 31FFE | T21: uQ20.12 | U21: =HEX2DEC(IF(AND(LEN(S21)=8,HEX2DEC(LEFT(S21,1))>7),"FF","00")&S21)/2^(0+MID(T21,FIND(".",T21)+1,2)) -> 49.999512 | X21: =X17+2 -> 239 | Y21: 3 | AA21: =MID(INDIRECT(ADDRESS(X21,1)),(Y21-1)*19+1,3) -> 014 | AB21: =TRIM(MID(INDIRECT(ADDRESS(X21,1)),(Y21-1)*19+4,16)) -> CH14 | AC21: =TRIM(MID(INDIRECT(ADDRESS(X21+1,1)),(Y21-1)*19+1,19)) -> 0 | AD21: uQ24.40 | AE21: =(HEX2DEC(LEFT(REPT("0",16-LEN(AC21))&AC21,10))*16^6+HEX2DEC(RIGHT(AC21,6)))/2^(0+MID(AD21,FIND(".",AD21)+1,2)) -> 0 | AF21: =SQRT(AE21/$U$16)*K127 -> 0 | AH21: ='CALIBRATION GUIDE'!B27 -> 14 | AI21: ='CALIBRATION GUIDE'!C27 -> I(CT) | AJ21: =IF('CALIBRATION GUIDE'!C27="V"," ", IF(ISNA(MATCH(AH21,CONFIGURATOR!$D$21:$D$51,0))=TRUE," ",MATCH(AH21,CONFIGURATOR!$D$21:$D$51,0)-1) ) | AK21: {=IF(AJ21=" "," ",INDIRECT(ADDRESS(103+AJ21,31)))} | AL21: {=IF(AJ21=" "," ",INDIRECT(ADDRESS(135+AJ21,31)))} | AM21: =IF(AJ21=" ", " ", IF(OR(AK21=0,AL21=0),0, DEGREES(ATAN2(AK21,AL21)))) | AN21: =AF21 -> 0 | AO21: ='CALIBRATION GUIDE'!D27 -> 30 | AP21: =K159 -> 1 | AQ21: =IF(AN21>0,AO21/AN21,1) -> 1 | AR21: =IF((AQ21*AP21)<4,AQ21*AP21,1) -> 1 | AS21: =1+AS20 -> 152 | AT21: =IF('CALIBRATION GUIDE'!E27="Y",RIGHT(DEC2HEX(INT(AR21*2^29+0.5),8),8)," ") | AU21: =K191 -> 0 | AV21: =IF(AM21=" ",0,AM21-'CALIBRATION GUIDE'!$C$8) -> 0 | AW21: =IF(AV21=0, 0, AV21*60/'CALIBRATION GUIDE'!$C$7) -> 0 | AX21: =AW21+AU21 -> 0 | AY21: =1+AY20 -> 184 | AZ21: =IF('CALIBRATION GUIDE'!E27="Y",IF(AI21="V",0,RIGHT(DEC2HEX((AX21)/180*2^31),8)), " ")
A22: ='CALIBRATION GUIDE'!B73 -> Angle_PW16= 0.000 Angle_PW17= 0.000 Angle_PW18= 0.000 Angle_PW19= 0.000 | D22: =D18+2 -> 33 | E22: 4 | G22: =MID(INDIRECT(ADDRESS(D22,1)),(E22-1)*19+1,3) -> 015 | H22: =TRIM(MID(INDIRECT(ADDRESS(D22,1)),(E22-1)*19+4,16)) -> PH_SRC_22_23 | I22: =TRIM(MID(INDIRECT(ADDRESS(D22+1,1)),(E22-1)*19+1,19)) -> 0 | J22: uQ32.0 | K22: =(HEX2DEC(LEFT(REPT("0",16-LEN(I22))&I22,10))*16^6+HEX2DEC(RIGHT(I22,6)))/2^(0+MID(J22,FIND(".",J22)+1,2)) -> 0 | N22: =N18+2 -> 176 | O22: 4 | Q22: =MID(INDIRECT(ADDRESS(N22,1)),(O22-1)*19+1,3) -> 015 | R22: =TRIM(MID(INDIRECT(ADDRESS(N22,1)),(O22-1)*19+4,16)) -> FREQ_CH3 | S22: =TRIM(MID(INDIRECT(ADDRESS(N22+1,1)),(O22-1)*19+1,19)) -> 0 | T22: uQ20.12 | U22: =(HEX2DEC(LEFT(REPT("0",16-LEN(S22))&S22,10))*16^6+HEX2DEC(RIGHT(S22,6)))/2^(0+MID(T22,FIND(".",T22)+1,2)) -> 0 | X22: =X18+2 -> 239 | Y22: 4 | AA22: =MID(INDIRECT(ADDRESS(X22,1)),(Y22-1)*19+1,3) -> 015 | AB22: =TRIM(MID(INDIRECT(ADDRESS(X22,1)),(Y22-1)*19+4,16)) -> CH15 | AC22: =TRIM(MID(INDIRECT(ADDRESS(X22+1,1)),(Y22-1)*19+1,19)) -> 0 | AD22: uQ24.40 | AE22: =(HEX2DEC(LEFT(REPT("0",16-LEN(AC22))&AC22,10))*16^6+HEX2DEC(RIGHT(AC22,6)))/2^(0+MID(AD22,FIND(".",AD22)+1,2)) -> 0 | AF22: =SQRT(AE22/$U$16)*K128 -> 0 | AH22: ='CALIBRATION GUIDE'!B28 -> 15 | AI22: ='CALIBRATION GUIDE'!C28 -> I(CT) | AJ22: =IF('CALIBRATION GUIDE'!C28="V"," ", IF(ISNA(MATCH(AH22,CONFIGURATOR!$D$21:$D$51,0))=TRUE," ",MATCH(AH22,CONFIGURATOR!$D$21:$D$51,0)-1) ) | AK22: {=IF(AJ22=" "," ",INDIRECT(ADDRESS(103+AJ22,31)))} | AL22: {=IF(AJ22=" "," ",INDIRECT(ADDRESS(135+AJ22,31)))} | AM22: =IF(AJ22=" ", " ", IF(OR(AK22=0,AL22=0),0, DEGREES(ATAN2(AK22,AL22)))) | AN22: =AF22 -> 0 | AO22: ='CALIBRATION GUIDE'!D28 -> 30 | AP22: =K160 -> 1 | AQ22: =IF(AN22>0,AO22/AN22,1) -> 1 | AR22: =IF((AQ22*AP22)<4,AQ22*AP22,1) -> 1 | AS22: =1+AS21 -> 153 | AT22: =IF('CALIBRATION GUIDE'!E28="Y",RIGHT(DEC2HEX(INT(AR22*2^29+0.5),8),8)," ") | AU22: =K192 -> 0 | AV22: =IF(AM22=" ",0,AM22-'CALIBRATION GUIDE'!$C$8) -> 0 | AW22: =IF(AV22=0, 0, AV22*60/'CALIBRATION GUIDE'!$C$7) -> 0 | AX22: =AW22+AU22 -> 0 | AY22: =1+AY21 -> 185 | AZ22: =IF('CALIBRATION GUIDE'!E28="Y",IF(AI22="V",0,RIGHT(DEC2HEX((AX22)/180*2^31),8)), " ")
A23: ='CALIBRATION GUIDE'!B74 -> Angle_PW20= 0.000 Angle_PW21= 0.000 Angle_PW22= 0.000 Angle_PW23= 0.000 | D23: =D19+2 -> 35 | E23: 1 | G23: =MID(INDIRECT(ADDRESS(D23,1)),(E23-1)*19+1,3) -> 016 | H23: =TRIM(MID(INDIRECT(ADDRESS(D23,1)),(E23-1)*19+4,16)) -> PH_SRC_24_25 | I23: =TRIM(MID(INDIRECT(ADDRESS(D23+1,1)),(E23-1)*19+1,19)) -> 0 | J23: uQ32.0 | K23: =HEX2DEC(IF(AND(LEN(I23)=8,HEX2DEC(LEFT(I23,1))>7),"FF","00")&I23)/2^(0+MID(J23,FIND(".",J23)+1,2)) -> 0 | N23: =N19+2 -> 178 | O23: 1 | Q23: =MID(INDIRECT(ADDRESS(N23,1)),(O23-1)*19+1,3) -> 016 | R23: =TRIM(MID(INDIRECT(ADDRESS(N23,1)),(O23-1)*19+4,16)) -> FREQ_CH4 | S23: =TRIM(MID(INDIRECT(ADDRESS(N23+1,1)),(O23-1)*19+1,19)) -> 0 | T23: uQ20.12 | U23: =HEX2DEC(IF(AND(LEN(S23)=8,HEX2DEC(LEFT(S23,1))>7),"FF","00")&S23)/2^(0+MID(T23,FIND(".",T23)+1,2)) -> 0 | X23: =X19+2 -> 241 | Y23: 1 | AA23: =MID(INDIRECT(ADDRESS(X23,1)),(Y23-1)*19+1,3) -> 016 | AB23: =TRIM(MID(INDIRECT(ADDRESS(X23,1)),(Y23-1)*19+4,16)) -> CH16 | AC23: =TRIM(MID(INDIRECT(ADDRESS(X23+1,1)),(Y23-1)*19+1,19)) -> 0 | AD23: uQ24.40 | AE23: =(HEX2DEC(LEFT(REPT("0",16-LEN(AC23))&AC23,10))*16^6+HEX2DEC(RIGHT(AC23,6)))/2^(0+MID(AD23,FIND(".",AD23)+1,2)) -> 0 | AF23: =SQRT(AE23/$U$16)*K129 -> 0 | AH23: ='CALIBRATION GUIDE'!B29 -> 16 | AI23: ='CALIBRATION GUIDE'!C29 -> I(CT) | AJ23: =IF('CALIBRATION GUIDE'!C29="V"," ", IF(ISNA(MATCH(AH23,CONFIGURATOR!$D$21:$D$51,0))=TRUE," ",MATCH(AH23,CONFIGURATOR!$D$21:$D$51,0)-1) ) | AK23: {=IF(AJ23=" "," ",INDIRECT(ADDRESS(103+AJ23,31)))} | AL23: {=IF(AJ23=" "," ",INDIRECT(ADDRESS(135+AJ23,31)))} | AM23: =IF(AJ23=" ", " ", IF(OR(AK23=0,AL23=0),0, DEGREES(ATAN2(AK23,AL23)))) | AN23: =AF23 -> 0 | AO23: ='CALIBRATION GUIDE'!D29 -> 30 | AP23: =K161 -> 1 | AQ23: =IF(AN23>0,AO23/AN23,1) -> 1 | AR23: =IF((AQ23*AP23)<4,AQ23*AP23,1) -> 1 | AS23: =1+AS22 -> 154 | AT23: =IF('CALIBRATION GUIDE'!E29="Y",RIGHT(DEC2HEX(INT(AR23*2^29+0.5),8),8)," ") | AU23: =K193 -> 0 | AV23: =IF(AM23=" ",0,AM23-'CALIBRATION GUIDE'!$C$8) -> 0 | AW23: =IF(AV23=0, 0, AV23*60/'CALIBRATION GUIDE'!$C$7) -> 0 | AX23: =AW23+AU23 -> 0 | AY23: =1+AY22 -> 186 | AZ23: =IF('CALIBRATION GUIDE'!E29="Y",IF(AI23="V",0,RIGHT(DEC2HEX((AX23)/180*2^31),8)), " ")
A24: ='CALIBRATION GUIDE'!B75 -> Angle_PW24= 0.000 Angle_PW25= 0.000 Angle_PW26= 0.000 Angle_PW27= 0.000 | D24: =D20+2 -> 35 | E24: 2 | G24: =MID(INDIRECT(ADDRESS(D24,1)),(E24-1)*19+1,3) -> 017 | H24: =TRIM(MID(INDIRECT(ADDRESS(D24,1)),(E24-1)*19+4,16)) -> PH_SRC_26_27 | I24: =TRIM(MID(INDIRECT(ADDRESS(D24+1,1)),(E24-1)*19+1,19)) -> 0 | J24: uQ32.0 | K24: =HEX2DEC(IF(AND(LEN(I24)=8,HEX2DEC(LEFT(I24,1))>7),"FF","00")&I24)/2^(0+MID(J24,FIND(".",J24)+1,2)) -> 0 | N24: =N20+2 -> 178 | O24: 2 | Q24: =MID(INDIRECT(ADDRESS(N24,1)),(O24-1)*19+1,3) -> 017 | R24: =TRIM(MID(INDIRECT(ADDRESS(N24,1)),(O24-1)*19+4,16)) -> FREQ_CH5 | S24: =TRIM(MID(INDIRECT(ADDRESS(N24+1,1)),(O24-1)*19+1,19)) -> 0 | T24: uQ20.12 | U24: =HEX2DEC(IF(AND(LEN(S24)=8,HEX2DEC(LEFT(S24,1))>7),"FF","00")&S24)/2^(0+MID(T24,FIND(".",T24)+1,2)) -> 0 | X24: =X20+2 -> 241 | Y24: 2 | AA24: =MID(INDIRECT(ADDRESS(X24,1)),(Y24-1)*19+1,3) -> 017 | AB24: =TRIM(MID(INDIRECT(ADDRESS(X24,1)),(Y24-1)*19+4,16)) -> CH17 | AC24: =TRIM(MID(INDIRECT(ADDRESS(X24+1,1)),(Y24-1)*19+1,19)) -> 0 | AD24: uQ24.40 | AE24: =(HEX2DEC(LEFT(REPT("0",16-LEN(AC24))&AC24,10))*16^6+HEX2DEC(RIGHT(AC24,6)))/2^(0+MID(AD24,FIND(".",AD24)+1,2)) -> 0 | AF24: =SQRT(AE24/$U$16)*K130 -> 0 | AH24: ='CALIBRATION GUIDE'!B30 -> 17 | AI24: ='CALIBRATION GUIDE'!C30 -> I(CT) | AJ24: =IF('CALIBRATION GUIDE'!C30="V"," ", IF(ISNA(MATCH(AH24,CONFIGURATOR!$D$21:$D$51,0))=TRUE," ",MATCH(AH24,CONFIGURATOR!$D$21:$D$51,0)-1) ) | AK24: {=IF(AJ24=" "," ",INDIRECT(ADDRESS(103+AJ24,31)))} | AL24: {=IF(AJ24=" "," ",INDIRECT(ADDRESS(135+AJ24,31)))} | AM24: =IF(AJ24=" ", " ", IF(OR(AK24=0,AL24=0),0, DEGREES(ATAN2(AK24,AL24)))) | AN24: =AF24 -> 0 | AO24: ='CALIBRATION GUIDE'!D30 -> 30 | AP24: =K162 -> 1 | AQ24: =IF(AN24>0,AO24/AN24,1) -> 1 | AR24: =IF((AQ24*AP24)<4,AQ24*AP24,1) -> 1 | AS24: =1+AS23 -> 155 | AT24: =IF('CALIBRATION GUIDE'!E30="Y",RIGHT(DEC2HEX(INT(AR24*2^29+0.5),8),8)," ") | AU24: =K194 -> 0 | AV24: =IF(AM24=" ",0,AM24-'CALIBRATION GUIDE'!$C$8) -> 0 | AW24: =IF(AV24=0, 0, AV24*60/'CALIBRATION GUIDE'!$C$7) -> 0 | AX24: =AW24+AU24 -> 0 | AY24: =1+AY23 -> 187 | AZ24: =IF('CALIBRATION GUIDE'!E30="Y",IF(AI24="V",0,RIGHT(DEC2HEX((AX24)/180*2^31),8)), " ")
A25: ='CALIBRATION GUIDE'!B76 -> Angle_PW28= 0.000 Angle_PW29= 0.000 Angle_PW30= 0.000 | D25: =D21+2 -> 35 | E25: 3 | G25: =MID(INDIRECT(ADDRESS(D25,1)),(E25-1)*19+1,3) -> 018 | H25: =TRIM(MID(INDIRECT(ADDRESS(D25,1)),(E25-1)*19+4,16)) -> PH_SRC_28_29 | I25: =TRIM(MID(INDIRECT(ADDRESS(D25+1,1)),(E25-1)*19+1,19)) -> 0 | J25: uQ32.0 | K25: =HEX2DEC(IF(AND(LEN(I25)=8,HEX2DEC(LEFT(I25,1))>7),"FF","00")&I25)/2^(0+MID(J25,FIND(".",J25)+1,2)) -> 0 | N25: =N21+2 -> 178 | O25: 3 | Q25: =MID(INDIRECT(ADDRESS(N25,1)),(O25-1)*19+1,3) -> 018 | R25: =TRIM(MID(INDIRECT(ADDRESS(N25,1)),(O25-1)*19+4,16)) -> FREQ_CH6 | S25: =TRIM(MID(INDIRECT(ADDRESS(N25+1,1)),(O25-1)*19+1,19)) -> 0 | T25: uQ20.12 | U25: =HEX2DEC(IF(AND(LEN(S25)=8,HEX2DEC(LEFT(S25,1))>7),"FF","00")&S25)/2^(0+MID(T25,FIND(".",T25)+1,2)) -> 0 | X25: =X21+2 -> 241 | Y25: 3 | AA25: =MID(INDIRECT(ADDRESS(X25,1)),(Y25-1)*19+1,3) -> 018 | AB25: =TRIM(MID(INDIRECT(ADDRESS(X25,1)),(Y25-1)*19+4,16)) -> CH18 | AC25: =TRIM(MID(INDIRECT(ADDRESS(X25+1,1)),(Y25-1)*19+1,19)) -> 0 | AD25: uQ24.40 | AE25: =(HEX2DEC(LEFT(REPT("0",16-LEN(AC25))&AC25,10))*16^6+HEX2DEC(RIGHT(AC25,6)))/2^(0+MID(AD25,FIND(".",AD25)+1,2)) -> 0 | AF25: =SQRT(AE25/$U$16)*K131 -> 0 | AH25: ='CALIBRATION GUIDE'!B31 -> 18 | AI25: ='CALIBRATION GUIDE'!C31 -> I(CT) | AJ25: =IF('CALIBRATION GUIDE'!C31="V"," ", IF(ISNA(MATCH(AH25,CONFIGURATOR!$D$21:$D$51,0))=TRUE," ",MATCH(AH25,CONFIGURATOR!$D$21:$D$51,0)-1) ) | AK25: {=IF(AJ25=" "," ",INDIRECT(ADDRESS(103+AJ25,31)))} | AL25: {=IF(AJ25=" "," ",INDIRECT(ADDRESS(135+AJ25,31)))} | AM25: =IF(AJ25=" ", " ", IF(OR(AK25=0,AL25=0),0, DEGREES(ATAN2(AK25,AL25)))) | AN25: =AF25 -> 0 | AO25: ='CALIBRATION GUIDE'!D31 -> 30 | AP25: =K163 -> 1 | AQ25: =IF(AN25>0,AO25/AN25,1) -> 1 | AR25: =IF((AQ25*AP25)<4,AQ25*AP25,1) -> 1 | AS25: =1+AS24 -> 156 | AT25: =IF('CALIBRATION GUIDE'!E31="Y",RIGHT(DEC2HEX(INT(AR25*2^29+0.5),8),8)," ") | AU25: =K195 -> 0 | AV25: =IF(AM25=" ",0,AM25-'CALIBRATION GUIDE'!$C$8) -> 0 | AW25: =IF(AV25=0, 0, AV25*60/'CALIBRATION GUIDE'!$C$7) -> 0 | AX25: =AW25+AU25 -> 0 | AY25: =1+AY24 -> 188 | AZ25: =IF('CALIBRATION GUIDE'!E31="Y",IF(AI25="V",0,RIGHT(DEC2HEX((AX25)/180*2^31),8)), " ")
A26: ='CALIBRATION GUIDE'!B77 -> DCR | D26: =D22+2 -> 35 | E26: 4 | G26: =MID(INDIRECT(ADDRESS(D26,1)),(E26-1)*19+1,3) -> 019 | H26: =TRIM(MID(INDIRECT(ADDRESS(D26,1)),(E26-1)*19+4,16)) -> PH_SRC_30 | I26: =TRIM(MID(INDIRECT(ADDRESS(D26+1,1)),(E26-1)*19+1,19)) -> 0 | J26: uQ32.0 | K26: =HEX2DEC(IF(AND(LEN(I26)=8,HEX2DEC(LEFT(I26,1))>7),"FF","00")&I26)/2^(0+MID(J26,FIND(".",J26)+1,2)) -> 0 | N26: =N22+2 -> 178 | O26: 4 | Q26: =MID(INDIRECT(ADDRESS(N26,1)),(O26-1)*19+1,3) -> 019 | R26: =TRIM(MID(INDIRECT(ADDRESS(N26,1)),(O26-1)*19+4,16)) -> FREQ_CH7 | S26: =TRIM(MID(INDIRECT(ADDRESS(N26+1,1)),(O26-1)*19+1,19)) -> 36811 | T26: uQ20.12 | U26: =HEX2DEC(IF(AND(LEN(S26)=8,HEX2DEC(LEFT(S26,1))>7),"FF","00")&S26)/2^(0+MID(T26,FIND(".",T26)+1,2)) -> 54.50415 | X26: =X22+2 -> 241 | Y26: 4 | AA26: =MID(INDIRECT(ADDRESS(X26,1)),(Y26-1)*19+1,3) -> 019 | AB26: =TRIM(MID(INDIRECT(ADDRESS(X26,1)),(Y26-1)*19+4,16)) -> CH19 | AC26: =TRIM(MID(INDIRECT(ADDRESS(X26+1,1)),(Y26-1)*19+1,19)) -> 0 | AD26: uQ24.40 | AE26: =(HEX2DEC(LEFT(REPT("0",16-LEN(AC26))&AC26,10))*16^6+HEX2DEC(RIGHT(AC26,6)))/2^(0+MID(AD26,FIND(".",AD26)+1,2)) -> 0 | AF26: =SQRT(AE26/$U$16)*K132 -> 0 | AH26: ='CALIBRATION GUIDE'!B32 -> 19 | AI26: ='CALIBRATION GUIDE'!C32 -> I(CT) | AJ26: =IF('CALIBRATION GUIDE'!C32="V"," ", IF(ISNA(MATCH(AH26,CONFIGURATOR!$D$21:$D$51,0))=TRUE," ",MATCH(AH26,CONFIGURATOR!$D$21:$D$51,0)-1) ) | AK26: {=IF(AJ26=" "," ",INDIRECT(ADDRESS(103+AJ26,31)))} | AL26: {=IF(AJ26=" "," ",INDIRECT(ADDRESS(135+AJ26,31)))} | AM26: =IF(AJ26=" ", " ", IF(OR(AK26=0,AL26=0),0, DEGREES(ATAN2(AK26,AL26)))) | AN26: =AF26 -> 0 | AO26: ='CALIBRATION GUIDE'!D32 -> 30 | AP26: =K164 -> 1 | AQ26: =IF(AN26>0,AO26/AN26,1) -> 1 | AR26: =IF((AQ26*AP26)<4,AQ26*AP26,1) -> 1 | AS26: =1+AS25 -> 157 | AT26: =IF('CALIBRATION GUIDE'!E32="Y",RIGHT(DEC2HEX(INT(AR26*2^29+0.5),8),8)," ") | AU26: =K196 -> 0 | AV26: =IF(AM26=" ",0,AM26-'CALIBRATION GUIDE'!$C$8) -> 0 | AW26: =IF(AV26=0, 0, AV26*60/'CALIBRATION GUIDE'!$C$7) -> 0 | AX26: =AW26+AU26 -> 0 | AY26: =1+AY25 -> 189 | AZ26: =IF('CALIBRATION GUIDE'!E32="Y",IF(AI26="V",0,RIGHT(DEC2HEX((AX26)/180*2^31),8)), " ")
A27: ='CALIBRATION GUIDE'!B78 -> 000 STATE_CTRL 001 FEATURE_CTRL0 002 FEATURE_CTRL1 003 RESERVED_C003 | D27: =D23+2 -> 37 | E27: 1 | G27: =MID(INDIRECT(ADDRESS(D27,1)),(E27-1)*19+1,3) -> 020 | H27: =TRIM(MID(INDIRECT(ADDRESS(D27,1)),(E27-1)*19+4,16)) -> METER_TYPE | I27: =TRIM(MID(INDIRECT(ADDRESS(D27+1,1)),(E27-1)*19+1,19)) -> CCC | J27: uQ32.0 | K27: =HEX2DEC(IF(AND(LEN(I27)=8,HEX2DEC(LEFT(I27,1))>7),"FF","00")&I27)/2^(0+MID(J27,FIND(".",J27)+1,2)) -> 3276 | N27: =N23+2 -> 180 | O27: 1 | Q27: =MID(INDIRECT(ADDRESS(N27,1)),(O27-1)*19+1,3) -> 020 | R27: =TRIM(MID(INDIRECT(ADDRESS(N27,1)),(O27-1)*19+4,16)) -> FREQ_CH8 | S27: =TRIM(MID(INDIRECT(ADDRESS(N27+1,1)),(O27-1)*19+1,19)) -> 0 | T27: uQ20.12 | U27: =HEX2DEC(IF(AND(LEN(S27)=8,HEX2DEC(LEFT(S27,1))>7),"FF","00")&S27)/2^(0+MID(T27,FIND(".",T27)+1,2)) -> 0 | X27: =X23+2 -> 243 | Y27: 1 | AA27: =MID(INDIRECT(ADDRESS(X27,1)),(Y27-1)*19+1,3) -> 020 | AB27: =TRIM(MID(INDIRECT(ADDRESS(X27,1)),(Y27-1)*19+4,16)) -> CH20 | AC27: =TRIM(MID(INDIRECT(ADDRESS(X27+1,1)),(Y27-1)*19+1,19)) -> 0 | AD27: uQ24.40 | AE27: =(HEX2DEC(LEFT(REPT("0",16-LEN(AC27))&AC27,10))*16^6+HEX2DEC(RIGHT(AC27,6)))/2^(0+MID(AD27,FIND(".",AD27)+1,2)) -> 0 | AF27: =SQRT(AE27/$U$16)*K133 -> 0 | AH27: ='CALIBRATION GUIDE'!B33 -> 20 | AI27: ='CALIBRATION GUIDE'!C33 -> I(CT) | AJ27: =IF('CALIBRATION GUIDE'!C33="V"," ", IF(ISNA(MATCH(AH27,CONFIGURATOR!$D$21:$D$51,0))=TRUE," ",MATCH(AH27,CONFIGURATOR!$D$21:$D$51,0)-1) ) | AK27: {=IF(AJ27=" "," ",INDIRECT(ADDRESS(103+AJ27,31)))} | AL27: {=IF(AJ27=" "," ",INDIRECT(ADDRESS(135+AJ27,31)))} | AM27: =IF(AJ27=" ", " ", IF(OR(AK27=0,AL27=0),0, DEGREES(ATAN2(AK27,AL27)))) | AN27: =AF27 -> 0 | AO27: ='CALIBRATION GUIDE'!D33 -> 30 | AP27: =K165 -> 1 | AQ27: =IF(AN27>0,AO27/AN27,1) -> 1 | AR27: =IF((AQ27*AP27)<4,AQ27*AP27,1) -> 1 | AS27: =1+AS26 -> 158 | AT27: =IF('CALIBRATION GUIDE'!E33="Y",RIGHT(DEC2HEX(INT(AR27*2^29+0.5),8),8)," ") | AU27: =K197 -> 0 | AV27: =IF(AM27=" ",0,AM27-'CALIBRATION GUIDE'!$C$8) -> 0 | AW27: =IF(AV27=0, 0, AV27*60/'CALIBRATION GUIDE'!$C$7) -> 0 | AX27: =AW27+AU27 -> 0 | AY27: =1+AY26 -> 190 | AZ27: =IF('CALIBRATION GUIDE'!E33="Y",IF(AI27="V",0,RIGHT(DEC2HEX((AX27)/180*2^31),8)), " ")
A28: ='CALIBRATION GUIDE'!B79 -> 2 300 0 0 | D28: =D24+2 -> 37 | E28: 2 | G28: =MID(INDIRECT(ADDRESS(D28,1)),(E28-1)*19+1,3) -> 021 | H28: =TRIM(MID(INDIRECT(ADDRESS(D28,1)),(E28-1)*19+4,16)) -> SENSOR_TYPE_0 | I28: =TRIM(MID(INDIRECT(ADDRESS(D28+1,1)),(E28-1)*19+1,19)) -> CCC03F | J28: uQ32.0 | K28: =HEX2DEC(IF(AND(LEN(I28)=8,HEX2DEC(LEFT(I28,1))>7),"FF","00")&I28)/2^(0+MID(J28,FIND(".",J28)+1,2)) -> 13418559 | N28: =N24+2 -> 180 | O28: 2 | Q28: =MID(INDIRECT(ADDRESS(N28,1)),(O28-1)*19+1,3) -> 021 | R28: =TRIM(MID(INDIRECT(ADDRESS(N28,1)),(O28-1)*19+4,16)) -> FREQ_CH9 | S28: =TRIM(MID(INDIRECT(ADDRESS(N28+1,1)),(O28-1)*19+1,19)) -> 0 | T28: uQ20.12 | U28: =HEX2DEC(IF(AND(LEN(S28)=8,HEX2DEC(LEFT(S28,1))>7),"FF","00")&S28)/2^(0+MID(T28,FIND(".",T28)+1,2)) -> 0 | X28: =X24+2 -> 243 | Y28: 2 | AA28: =MID(INDIRECT(ADDRESS(X28,1)),(Y28-1)*19+1,3) -> 021 | AB28: =TRIM(MID(INDIRECT(ADDRESS(X28,1)),(Y28-1)*19+4,16)) -> CH21 | AC28: =TRIM(MID(INDIRECT(ADDRESS(X28+1,1)),(Y28-1)*19+1,19)) -> 0 | AD28: uQ24.40 | AE28: =(HEX2DEC(LEFT(REPT("0",16-LEN(AC28))&AC28,10))*16^6+HEX2DEC(RIGHT(AC28,6)))/2^(0+MID(AD28,FIND(".",AD28)+1,2)) -> 0 | AF28: =SQRT(AE28/$U$16)*K134 -> 0 | AH28: ='CALIBRATION GUIDE'!B34 -> 21 | AI28: ='CALIBRATION GUIDE'!C34 -> I(CT) | AJ28: =IF('CALIBRATION GUIDE'!C34="V"," ", IF(ISNA(MATCH(AH28,CONFIGURATOR!$D$21:$D$51,0))=TRUE," ",MATCH(AH28,CONFIGURATOR!$D$21:$D$51,0)-1) ) | AK28: {=IF(AJ28=" "," ",INDIRECT(ADDRESS(103+AJ28,31)))} | AL28: {=IF(AJ28=" "," ",INDIRECT(ADDRESS(135+AJ28,31)))} | AM28: =IF(AJ28=" ", " ", IF(OR(AK28=0,AL28=0),0, DEGREES(ATAN2(AK28,AL28)))) | AN28: =AF28 -> 0 | AO28: ='CALIBRATION GUIDE'!D34 -> 30 | AP28: =K166 -> 1 | AQ28: =IF(AN28>0,AO28/AN28,1) -> 1 | AR28: =IF((AQ28*AP28)<4,AQ28*AP28,1) -> 1 | AS28: =1+AS27 -> 159 | AT28: =IF('CALIBRATION GUIDE'!E34="Y",RIGHT(DEC2HEX(INT(AR28*2^29+0.5),8),8)," ") | AU28: =K198 -> 0 | AV28: =IF(AM28=" ",0,AM28-'CALIBRATION GUIDE'!$C$8) -> 0 | AW28: =IF(AV28=0, 0, AV28*60/'CALIBRATION GUIDE'!$C$7) -> 0 | AX28: =AW28+AU28 -> 0 | AY28: =1+AY27 -> 191 | AZ28: =IF('CALIBRATION GUIDE'!E34="Y",IF(AI28="V",0,RIGHT(DEC2HEX((AX28)/180*2^31),8)), " ")
A29: ='CALIBRATION GUIDE'!B80 -> 004 PH_SRC_0_1 005 PH_SRC_2_3 006 PH_SRC_4_5 007 PH_SRC_6_7 | D29: =D25+2 -> 37 | E29: 3 | G29: =MID(INDIRECT(ADDRESS(D29,1)),(E29-1)*19+1,3) -> 022 | H29: =TRIM(MID(INDIRECT(ADDRESS(D29,1)),(E29-1)*19+4,16)) -> SENSOR_TYPE_1 | I29: =TRIM(MID(INDIRECT(ADDRESS(D29+1,1)),(E29-1)*19+1,19)) -> 0 | J29: uQ32.0 | K29: =HEX2DEC(IF(AND(LEN(I29)=8,HEX2DEC(LEFT(I29,1))>7),"FF","00")&I29)/2^(0+MID(J29,FIND(".",J29)+1,2)) -> 0 | N29: =N25+2 -> 180 | O29: 3 | Q29: =MID(INDIRECT(ADDRESS(N29,1)),(O29-1)*19+1,3) -> 022 | R29: =TRIM(MID(INDIRECT(ADDRESS(N29,1)),(O29-1)*19+4,16)) -> FREQ_CH10 | S29: =TRIM(MID(INDIRECT(ADDRESS(N29+1,1)),(O29-1)*19+1,19)) -> 0 | T29: uQ20.12 | U29: =HEX2DEC(IF(AND(LEN(S29)=8,HEX2DEC(LEFT(S29,1))>7),"FF","00")&S29)/2^(0+MID(T29,FIND(".",T29)+1,2)) -> 0 | X29: =X25+2 -> 243 | Y29: 3 | AA29: =MID(INDIRECT(ADDRESS(X29,1)),(Y29-1)*19+1,3) -> 022 | AB29: =TRIM(MID(INDIRECT(ADDRESS(X29,1)),(Y29-1)*19+4,16)) -> CH22 | AC29: =TRIM(MID(INDIRECT(ADDRESS(X29+1,1)),(Y29-1)*19+1,19)) -> 0 | AD29: uQ24.40 | AE29: =(HEX2DEC(LEFT(REPT("0",16-LEN(AC29))&AC29,10))*16^6+HEX2DEC(RIGHT(AC29,6)))/2^(0+MID(AD29,FIND(".",AD29)+1,2)) -> 0 | AF29: =SQRT(AE29/$U$16)*K135 -> 0 | AH29: ='CALIBRATION GUIDE'!B35 -> 22 | AI29: ='CALIBRATION GUIDE'!C35 -> I(CT) | AJ29: =IF('CALIBRATION GUIDE'!C35="V"," ", IF(ISNA(MATCH(AH29,CONFIGURATOR!$D$21:$D$51,0))=TRUE," ",MATCH(AH29,CONFIGURATOR!$D$21:$D$51,0)-1) ) | AK29: {=IF(AJ29=" "," ",INDIRECT(ADDRESS(103+AJ29,31)))} | AL29: {=IF(AJ29=" "," ",INDIRECT(ADDRESS(135+AJ29,31)))} | AM29: =IF(AJ29=" ", " ", IF(OR(AK29=0,AL29=0),0, DEGREES(ATAN2(AK29,AL29)))) | AN29: =AF29 -> 0 | AO29: ='CALIBRATION GUIDE'!D35 -> 30 | AP29: =K167 -> 1 | AQ29: =IF(AN29>0,AO29/AN29,1) -> 1 | AR29: =IF((AQ29*AP29)<4,AQ29*AP29,1) -> 1 | AS29: =1+AS28 -> 160 | AT29: =IF('CALIBRATION GUIDE'!E35="Y",RIGHT(DEC2HEX(INT(AR29*2^29+0.5),8),8)," ") | AU29: =K199 -> 0 | AV29: =IF(AM29=" ",0,AM29-'CALIBRATION GUIDE'!$C$8) -> 0 | AW29: =IF(AV29=0, 0, AV29*60/'CALIBRATION GUIDE'!$C$7) -> 0 | AX29: =AW29+AU29 -> 0 | AY29: =1+AY28 -> 192 | AZ29: =IF('CALIBRATION GUIDE'!E35="Y",IF(AI29="V",0,RIGHT(DEC2HEX((AX29)/180*2^31),8)), " ")
A30: ='CALIBRATION GUIDE'!B81 -> 4010300 502 0 0 | D30: =D26+2 -> 37 | E30: 4 | G30: =MID(INDIRECT(ADDRESS(D30,1)),(E30-1)*19+1,3) -> 023 | H30: =TRIM(MID(INDIRECT(ADDRESS(D30,1)),(E30-1)*19+4,16)) -> M | I30: =TRIM(MID(INDIRECT(ADDRESS(D30+1,1)),(E30-1)*19+1,19)) -> 0 | J30: uQ32.0 | K30: =HEX2DEC(IF(AND(LEN(I30)=8,HEX2DEC(LEFT(I30,1))>7),"FF","00")&I30)/2^(0+MID(J30,FIND(".",J30)+1,2)) -> 0 | N30: =N26+2 -> 180 | O30: 4 | Q30: =MID(INDIRECT(ADDRESS(N30,1)),(O30-1)*19+1,3) -> 023 | R30: =TRIM(MID(INDIRECT(ADDRESS(N30,1)),(O30-1)*19+4,16)) -> FREQ_CH11 | S30: =TRIM(MID(INDIRECT(ADDRESS(N30+1,1)),(O30-1)*19+1,19)) -> 0 | T30: uQ20.12 | U30: =HEX2DEC(IF(AND(LEN(S30)=8,HEX2DEC(LEFT(S30,1))>7),"FF","00")&S30)/2^(0+MID(T30,FIND(".",T30)+1,2)) -> 0 | X30: =X26+2 -> 243 | Y30: 4 | AA30: =MID(INDIRECT(ADDRESS(X30,1)),(Y30-1)*19+1,3) -> 023 | AB30: =TRIM(MID(INDIRECT(ADDRESS(X30,1)),(Y30-1)*19+4,16)) -> CH23 | AC30: =TRIM(MID(INDIRECT(ADDRESS(X30+1,1)),(Y30-1)*19+1,19)) -> 0 | AD30: uQ24.40 | AE30: =(HEX2DEC(LEFT(REPT("0",16-LEN(AC30))&AC30,10))*16^6+HEX2DEC(RIGHT(AC30,6)))/2^(0+MID(AD30,FIND(".",AD30)+1,2)) -> 0 | AF30: =SQRT(AE30/$U$16)*K136 -> 0 | AH30: ='CALIBRATION GUIDE'!B36 -> 23 | AI30: ='CALIBRATION GUIDE'!C36 -> I(CT) | AJ30: =IF('CALIBRATION GUIDE'!C36="V"," ", IF(ISNA(MATCH(AH30,CONFIGURATOR!$D$21:$D$51,0))=TRUE," ",MATCH(AH30,CONFIGURATOR!$D$21:$D$51,0)-1) ) | AK30: {=IF(AJ30=" "," ",INDIRECT(ADDRESS(103+AJ30,31)))} | AL30: {=IF(AJ30=" "," ",INDIRECT(ADDRESS(135+AJ30,31)))} | AM30: =IF(AJ30=" ", " ", IF(OR(AK30=0,AL30=0),0, DEGREES(ATAN2(AK30,AL30)))) | AN30: =AF30 -> 0 | AO30: ='CALIBRATION GUIDE'!D36 -> 30 | AP30: =K168 -> 1 | AQ30: =IF(AN30>0,AO30/AN30,1) -> 1 | AR30: =IF((AQ30*AP30)<4,AQ30*AP30,1) -> 1 | AS30: =1+AS29 -> 161 | AT30: =IF('CALIBRATION GUIDE'!E36="Y",RIGHT(DEC2HEX(INT(AR30*2^29+0.5),8),8)," ") | AU30: =K200 -> 0 | AV30: =IF(AM30=" ",0,AM30-'CALIBRATION GUIDE'!$C$8) -> 0 | AW30: =IF(AV30=0, 0, AV30*60/'CALIBRATION GUIDE'!$C$7) -> 0 | AX30: =AW30+AU30 -> 0 | AY30: =1+AY29 -> 193 | AZ30: =IF('CALIBRATION GUIDE'!E36="Y",IF(AI30="V",0,RIGHT(DEC2HEX((AX30)/180*2^31),8)), " ")
A31: ='CALIBRATION GUIDE'!B82 -> 008 PH_SRC_8_9 009 PH_SRC_10_11 010 PH_SRC_12_13 011 PH_SRC_14_15 | D31: =D27+2 -> 39 | E31: 1 | G31: =MID(INDIRECT(ADDRESS(D31,1)),(E31-1)*19+1,3) -> 024 | H31: =TRIM(MID(INDIRECT(ADDRESS(D31,1)),(E31-1)*19+4,16)) -> N_MAX | I31: =TRIM(MID(INDIRECT(ADDRESS(D31+1,1)),(E31-1)*19+1,19)) -> 1130 | J31: uQ32.0 | K31: =HEX2DEC(IF(AND(LEN(I31)=8,HEX2DEC(LEFT(I31,1))>7),"FF","00")&I31)/2^(0+MID(J31,FIND(".",J31)+1,2)) -> 4400 | N31: =N27+2 -> 182 | O31: 1 | Q31: =MID(INDIRECT(ADDRESS(N31,1)),(O31-1)*19+1,3) -> 024 | R31: =TRIM(MID(INDIRECT(ADDRESS(N31,1)),(O31-1)*19+4,16)) -> FREQ_CH12 | S31: =TRIM(MID(INDIRECT(ADDRESS(N31+1,1)),(O31-1)*19+1,19)) -> 0 | T31: uQ20.12 | U31: =HEX2DEC(IF(AND(LEN(S31)=8,HEX2DEC(LEFT(S31,1))>7),"FF","00")&S31)/2^(0+MID(T31,FIND(".",T31)+1,2)) -> 0 | X31: =X27+2 -> 245 | Y31: 1 | AA31: =MID(INDIRECT(ADDRESS(X31,1)),(Y31-1)*19+1,3) -> 024 | AB31: =TRIM(MID(INDIRECT(ADDRESS(X31,1)),(Y31-1)*19+4,16)) -> CH24 | AC31: =TRIM(MID(INDIRECT(ADDRESS(X31+1,1)),(Y31-1)*19+1,19)) -> 0 | AD31: uQ24.40 | AE31: =(HEX2DEC(LEFT(REPT("0",16-LEN(AC31))&AC31,10))*16^6+HEX2DEC(RIGHT(AC31,6)))/2^(0+MID(AD31,FIND(".",AD31)+1,2)) -> 0 | AF31: =SQRT(AE31/$U$16)*K137 -> 0 | AH31: ='CALIBRATION GUIDE'!B37 -> 24 | AI31: ='CALIBRATION GUIDE'!C37 -> I(CT) | AJ31: =IF('CALIBRATION GUIDE'!C37="V"," ", IF(ISNA(MATCH(AH31,CONFIGURATOR!$D$21:$D$51,0))=TRUE," ",MATCH(AH31,CONFIGURATOR!$D$21:$D$51,0)-1) ) | AK31: {=IF(AJ31=" "," ",INDIRECT(ADDRESS(103+AJ31,31)))} | AL31: {=IF(AJ31=" "," ",INDIRECT(ADDRESS(135+AJ31,31)))} | AM31: =IF(AJ31=" ", " ", IF(OR(AK31=0,AL31=0),0, DEGREES(ATAN2(AK31,AL31)))) | AN31: =AF31 -> 0 | AO31: ='CALIBRATION GUIDE'!D37 -> 30 | AP31: =K169 -> 1 | AQ31: =IF(AN31>0,AO31/AN31,1) -> 1 | AR31: =IF((AQ31*AP31)<4,AQ31*AP31,1) -> 1 | AS31: =1+AS30 -> 162 | AT31: =IF('CALIBRATION GUIDE'!E37="Y",RIGHT(DEC2HEX(INT(AR31*2^29+0.5),8),8)," ") | AU31: =K201 -> 0 | AV31: =IF(AM31=" ",0,AM31-'CALIBRATION GUIDE'!$C$8) -> 0 | AW31: =IF(AV31=0, 0, AV31*60/'CALIBRATION GUIDE'!$C$7) -> 0 | AX31: =AW31+AU31 -> 0 | AY31: =1+AY30 -> 194 | AZ31: =IF('CALIBRATION GUIDE'!E37="Y",IF(AI31="V",0,RIGHT(DEC2HEX((AX31)/180*2^31),8)), " ")
A32: ='CALIBRATION GUIDE'!B83 -> 0 0 0 0 | D32: =D28+2 -> 39 | E32: 2 | G32: =MID(INDIRECT(ADDRESS(D32,1)),(E32-1)*19+1,3) -> 025 | H32: =TRIM(MID(INDIRECT(ADDRESS(D32,1)),(E32-1)*19+4,16)) -> PULSE_CTRL0 | I32: =TRIM(MID(INDIRECT(ADDRESS(D32+1,1)),(E32-1)*19+1,19)) -> 810001D0 | J32: uQ32.0 | K32: =HEX2DEC(IF(AND(LEN(I32)=8,HEX2DEC(LEFT(I32,1))>7),"FF","00")&I32)/2^(0+MID(J32,FIND(".",J32)+1,2)) -> -2130705968 | N32: =N28+2 -> 182 | O32: 2 | Q32: =MID(INDIRECT(ADDRESS(N32,1)),(O32-1)*19+1,3) -> 025 | R32: =TRIM(MID(INDIRECT(ADDRESS(N32,1)),(O32-1)*19+4,16)) -> FREQ_CH13 | S32: =TRIM(MID(INDIRECT(ADDRESS(N32+1,1)),(O32-1)*19+1,19)) -> 0 | T32: uQ20.12 | U32: =HEX2DEC(IF(AND(LEN(S32)=8,HEX2DEC(LEFT(S32,1))>7),"FF","00")&S32)/2^(0+MID(T32,FIND(".",T32)+1,2)) -> 0 | X32: =X28+2 -> 245 | Y32: 2 | AA32: =MID(INDIRECT(ADDRESS(X32,1)),(Y32-1)*19+1,3) -> 025 | AB32: =TRIM(MID(INDIRECT(ADDRESS(X32,1)),(Y32-1)*19+4,16)) -> CH25 | AC32: =TRIM(MID(INDIRECT(ADDRESS(X32+1,1)),(Y32-1)*19+1,19)) -> 0 | AD32: uQ24.40 | AE32: =(HEX2DEC(LEFT(REPT("0",16-LEN(AC32))&AC32,10))*16^6+HEX2DEC(RIGHT(AC32,6)))/2^(0+MID(AD32,FIND(".",AD32)+1,2)) -> 0 | AF32: =SQRT(AE32/$U$16)*K138 -> 0 | AH32: ='CALIBRATION GUIDE'!B38 -> 25 | AI32: ='CALIBRATION GUIDE'!C38 -> I(CT) | AJ32: =IF('CALIBRATION GUIDE'!C38="V"," ", IF(ISNA(MATCH(AH32,CONFIGURATOR!$D$21:$D$51,0))=TRUE," ",MATCH(AH32,CONFIGURATOR!$D$21:$D$51,0)-1) ) | AK32: {=IF(AJ32=" "," ",INDIRECT(ADDRESS(103+AJ32,31)))} | AL32: {=IF(AJ32=" "," ",INDIRECT(ADDRESS(135+AJ32,31)))} | AM32: =IF(AJ32=" ", " ", IF(OR(AK32=0,AL32=0),0, DEGREES(ATAN2(AK32,AL32)))) | AN32: =AF32 -> 0 | AO32: ='CALIBRATION GUIDE'!D38 -> 30 | AP32: =K170 -> 1 | AQ32: =IF(AN32>0,AO32/AN32,1) -> 1 | AR32: =IF((AQ32*AP32)<4,AQ32*AP32,1) -> 1 | AS32: =1+AS31 -> 163 | AT32: =IF('CALIBRATION GUIDE'!E38="Y",RIGHT(DEC2HEX(INT(AR32*2^29+0.5),8),8)," ") | AU32: =K202 -> 0 | AV32: =IF(AM32=" ",0,AM32-'CALIBRATION GUIDE'!$C$8) -> 0 | AW32: =IF(AV32=0, 0, AV32*60/'CALIBRATION GUIDE'!$C$7) -> 0 | AX32: =AW32+AU32 -> 0 | AY32: =1+AY31 -> 195 | AZ32: =IF('CALIBRATION GUIDE'!E38="Y",IF(AI32="V",0,RIGHT(DEC2HEX((AX32)/180*2^31),8)), " ")
A33: ='CALIBRATION GUIDE'!B84 -> 012 PH_SRC_16_17 013 PH_SRC_18_19 014 PH_SRC_20_21 015 PH_SRC_22_23 | D33: =D29+2 -> 39 | E33: 3 | G33: =MID(INDIRECT(ADDRESS(D33,1)),(E33-1)*19+1,3) -> 026 | H33: =TRIM(MID(INDIRECT(ADDRESS(D33,1)),(E33-1)*19+4,16)) -> PULSE_CTRL1 | I33: =TRIM(MID(INDIRECT(ADDRESS(D33+1,1)),(E33-1)*19+1,19)) -> 810201D0 | J33: uQ32.0 | K33: =HEX2DEC(IF(AND(LEN(I33)=8,HEX2DEC(LEFT(I33,1))>7),"FF","00")&I33)/2^(0+MID(J33,FIND(".",J33)+1,2)) -> -2130574896 | N33: =N29+2 -> 182 | O33: 3 | Q33: =MID(INDIRECT(ADDRESS(N33,1)),(O33-1)*19+1,3) -> 026 | R33: =TRIM(MID(INDIRECT(ADDRESS(N33,1)),(O33-1)*19+4,16)) -> FREQ_CH14 | S33: =TRIM(MID(INDIRECT(ADDRESS(N33+1,1)),(O33-1)*19+1,19)) -> 0 | T33: uQ20.12 | U33: =HEX2DEC(IF(AND(LEN(S33)=8,HEX2DEC(LEFT(S33,1))>7),"FF","00")&S33)/2^(0+MID(T33,FIND(".",T33)+1,2)) -> 0 | X33: =X29+2 -> 245 | Y33: 3 | AA33: =MID(INDIRECT(ADDRESS(X33,1)),(Y33-1)*19+1,3) -> 026 | AB33: =TRIM(MID(INDIRECT(ADDRESS(X33,1)),(Y33-1)*19+4,16)) -> CH26 | AC33: =TRIM(MID(INDIRECT(ADDRESS(X33+1,1)),(Y33-1)*19+1,19)) -> 0 | AD33: uQ24.40 | AE33: =(HEX2DEC(LEFT(REPT("0",16-LEN(AC33))&AC33,10))*16^6+HEX2DEC(RIGHT(AC33,6)))/2^(0+MID(AD33,FIND(".",AD33)+1,2)) -> 0 | AF33: =SQRT(AE33/$U$16)*K139 -> 0 | AH33: ='CALIBRATION GUIDE'!B39 -> 26 | AI33: ='CALIBRATION GUIDE'!C39 -> I(CT) | AJ33: =IF('CALIBRATION GUIDE'!C39="V"," ", IF(ISNA(MATCH(AH33,CONFIGURATOR!$D$21:$D$51,0))=TRUE," ",MATCH(AH33,CONFIGURATOR!$D$21:$D$51,0)-1) ) | AK33: {=IF(AJ33=" "," ",INDIRECT(ADDRESS(103+AJ33,31)))} | AL33: {=IF(AJ33=" "," ",INDIRECT(ADDRESS(135+AJ33,31)))} | AM33: =IF(AJ33=" ", " ", IF(OR(AK33=0,AL33=0),0, DEGREES(ATAN2(AK33,AL33)))) | AN33: =AF33 -> 0 | AO33: ='CALIBRATION GUIDE'!D39 -> 30 | AP33: =K171 -> 1 | AQ33: =IF(AN33>0,AO33/AN33,1) -> 1 | AR33: =IF((AQ33*AP33)<4,AQ33*AP33,1) -> 1 | AS33: =1+AS32 -> 164 | AT33: =IF('CALIBRATION GUIDE'!E39="Y",RIGHT(DEC2HEX(INT(AR33*2^29+0.5),8),8)," ") | AU33: =K203 -> 0 | AV33: =IF(AM33=" ",0,AM33-'CALIBRATION GUIDE'!$C$8) -> 0 | AW33: =IF(AV33=0, 0, AV33*60/'CALIBRATION GUIDE'!$C$7) -> 0 | AX33: =AW33+AU33 -> 0 | AY33: =1+AY32 -> 196 | AZ33: =IF('CALIBRATION GUIDE'!E39="Y",IF(AI33="V",0,RIGHT(DEC2HEX((AX33)/180*2^31),8)), " ")
A34: ='CALIBRATION GUIDE'!B85 -> 0 0 0 0 | D34: =D30+2 -> 39 | E34: 4 | G34: =MID(INDIRECT(ADDRESS(D34,1)),(E34-1)*19+1,3) -> 027 | H34: =TRIM(MID(INDIRECT(ADDRESS(D34,1)),(E34-1)*19+4,16)) -> PULSE_CTRL2 | I34: =TRIM(MID(INDIRECT(ADDRESS(D34+1,1)),(E34-1)*19+1,19)) -> 110401D0 | J34: uQ32.0 | K34: =HEX2DEC(IF(AND(LEN(I34)=8,HEX2DEC(LEFT(I34,1))>7),"FF","00")&I34)/2^(0+MID(J34,FIND(".",J34)+1,2)) -> 285475280 | N34: =N30+2 -> 182 | O34: 4 | Q34: =MID(INDIRECT(ADDRESS(N34,1)),(O34-1)*19+1,3) -> 027 | R34: =TRIM(MID(INDIRECT(ADDRESS(N34,1)),(O34-1)*19+4,16)) -> FREQ_CH15 | S34: =TRIM(MID(INDIRECT(ADDRESS(N34+1,1)),(O34-1)*19+1,19)) -> 0 | T34: uQ20.12 | U34: =HEX2DEC(IF(AND(LEN(S34)=8,HEX2DEC(LEFT(S34,1))>7),"FF","00")&S34)/2^(0+MID(T34,FIND(".",T34)+1,2)) -> 0 | X34: =X30+2 -> 245 | Y34: 4 | AA34: =MID(INDIRECT(ADDRESS(X34,1)),(Y34-1)*19+1,3) -> 027 | AB34: =TRIM(MID(INDIRECT(ADDRESS(X34,1)),(Y34-1)*19+4,16)) -> CH27 | AC34: =TRIM(MID(INDIRECT(ADDRESS(X34+1,1)),(Y34-1)*19+1,19)) -> 0 | AD34: uQ24.40 | AE34: =(HEX2DEC(LEFT(REPT("0",16-LEN(AC34))&AC34,10))*16^6+HEX2DEC(RIGHT(AC34,6)))/2^(0+MID(AD34,FIND(".",AD34)+1,2)) -> 0 | AF34: =SQRT(AE34/$U$16)*K140 -> 0 | AH34: ='CALIBRATION GUIDE'!B40 -> 27 | AI34: ='CALIBRATION GUIDE'!C40 -> I(CT) | AJ34: =IF('CALIBRATION GUIDE'!C40="V"," ", IF(ISNA(MATCH(AH34,CONFIGURATOR!$D$21:$D$51,0))=TRUE," ",MATCH(AH34,CONFIGURATOR!$D$21:$D$51,0)-1) ) | AK34: {=IF(AJ34=" "," ",INDIRECT(ADDRESS(103+AJ34,31)))} | AL34: {=IF(AJ34=" "," ",INDIRECT(ADDRESS(135+AJ34,31)))} | AM34: =IF(AJ34=" ", " ", IF(OR(AK34=0,AL34=0),0, DEGREES(ATAN2(AK34,AL34)))) | AN34: =AF34 -> 0 | AO34: ='CALIBRATION GUIDE'!D40 -> 30 | AP34: =K172 -> 1 | AQ34: =IF(AN34>0,AO34/AN34,1) -> 1 | AR34: =IF((AQ34*AP34)<4,AQ34*AP34,1) -> 1 | AS34: =1+AS33 -> 165 | AT34: =IF('CALIBRATION GUIDE'!E40="Y",RIGHT(DEC2HEX(INT(AR34*2^29+0.5),8),8)," ") | AU34: =K204 -> 0 | AV34: =IF(AM34=" ",0,AM34-'CALIBRATION GUIDE'!$C$8) -> 0 | AW34: =IF(AV34=0, 0, AV34*60/'CALIBRATION GUIDE'!$C$7) -> 0 | AX34: =AW34+AU34 -> 0 | AY34: =1+AY33 -> 197 | AZ34: =IF('CALIBRATION GUIDE'!E40="Y",IF(AI34="V",0,RIGHT(DEC2HEX((AX34)/180*2^31),8)), " ")
... A38: ='CALIBRATION GUIDE'!B89 -> CCC CCC03F 0 0 | D38: =D34+2 -> 41 | E38: 4 | G38: =MID(INDIRECT(ADDRESS(D38,1)),(E38-1)*19+1,3) -> 031 | H38: =TRIM(MID(INDIRECT(ADDRESS(D38,1)),(E38-1)*19+4,16)) -> RESERVED_C031 | I38: =TRIM(MID(INDIRECT(ADDRESS(D38+1,1)),(E38-1)*19+1,19)) -> 0 | J38: uQ32.0 | K38: =HEX2DEC(IF(AND(LEN(I38)=8,HEX2DEC(LEFT(I38,1))>7),"FF","00")&I38)/2^(0+MID(J38,FIND(".",J38)+1,2)) -> 0 | N38: =N34+2 -> 184 | O38: 4 | Q38: =MID(INDIRECT(ADDRESS(N38,1)),(O38-1)*19+1,3) -> 031 | R38: =TRIM(MID(INDIRECT(ADDRESS(N38,1)),(O38-1)*19+4,16)) -> FREQ_CH19 | S38: =TRIM(MID(INDIRECT(ADDRESS(N38+1,1)),(O38-1)*19+1,19)) -> 0 | T38: uQ20.12 | U38: =HEX2DEC(IF(AND(LEN(S38)=8,HEX2DEC(LEFT(S38,1))>7),"FF","00")&S38)/2^(0+MID(T38,FIND(".",T38)+1,2)) -> 0 | X38: =X34+2 -> 247 | Y38: 4 | AA38: =MID(INDIRECT(ADDRESS(X38,1)),(Y38-1)*19+1,3) -> 031 | AB38: =TRIM(MID(INDIRECT(ADDRESS(X38,1)),(Y38-1)*19+4,16)) -> CH31 | AC38: =TRIM(MID(INDIRECT(ADDRESS(X38+1,1)),(Y38-1)*19+1,19)) -> 0 | AD38: uQ24.40 | AE38: =(HEX2DEC(LEFT(REPT("0",16-LEN(AC38))&AC38,10))*16^6+HEX2DEC(RIGHT(AC38,6)))/2^(0+MID(AD38,FIND(".",AD38)+1,2)) -> 0 | AF38: =SQRT(AE38/$U$16)*K144 -> 0 | AH38: ='CALIBRATION GUIDE'!B44 -> 31 | AI38: ='CALIBRATION GUIDE'!C44 -> I(CT) | AJ38: =IF('CALIBRATION GUIDE'!C44="V"," ", IF(ISNA(MATCH(AH38,CONFIGURATOR!$D$21:$D$51,0))=TRUE," ",MATCH(AH38,CONFIGURATOR!$D$21:$D$51,0)-1) ) | AK38: {=IF(AJ38=" "," ",INDIRECT(ADDRESS(103+AJ38,31)))} | AL38: {=IF(AJ38=" "," ",INDIRECT(ADDRESS(135+AJ38,31)))} | AM38: =IF(AJ38=" ", " ", IF(OR(AK38=0,AL38=0),0, DEGREES(ATAN2(AK38,AL38)))) | AN38: =AF38 -> 0 | AO38: ='CALIBRATION GUIDE'!D44 -> 30 | AP38: =K176 -> 1 | AQ38: =IF(AN38>0,AO38/AN38,1) -> 1 | AR38: =IF((AQ38*AP38)<4,AQ38*AP38,1) -> 1 | AS38: =1+AS37 -> 169 | AT38: =IF('CALIBRATION GUIDE'!E44="Y",RIGHT(DEC2HEX(INT(AR38*2^29+0.5),8),8)," ") | AU38: =K208 -> 0 | AV38: =IF(AM38=" ",0,AM38-'CALIBRATION GUIDE'!$C$8) -> 0 | AW38: =IF(AV38=0, 0, AV38*60/'CALIBRATION GUIDE'!$C$7) -> 0 | AX38: =AW38+AU38 -> 0 | AY38: =1+AY37 -> 201 | AZ38: =IF('CALIBRATION GUIDE'!E44="Y",IF(AI38="V",0,RIGHT(DEC2HEX((AX38)/180*2^31),8)), " ")
A39: ='CALIBRATION GUIDE'!B90 -> 024 N_MAX 025 PULSE_CTRL0 026 PULSE_CTRL1 027 PULSE_CTRL2 | D39: =D35+2 -> 43 | E39: 1 | G39: =MID(INDIRECT(ADDRESS(D39,1)),(E39-1)*19+1,3) -> 032 | H39: =TRIM(MID(INDIRECT(ADDRESS(D39,1)),(E39-1)*19+4,16)) -> P_K_T | I39: =TRIM(MID(INDIRECT(ADDRESS(D39+1,1)),(E39-1)*19+1,19)) -> 500000 | J39: uQ8.24 | K39: =HEX2DEC(IF(AND(LEN(I39)=8,HEX2DEC(LEFT(I39,1))>7),"FF","00")&I39)/2^(0+MID(J39,FIND(".",J39)+1,2)) -> 0.3125 | N39: =N35+2 -> 186 | O39: 1 | Q39: =MID(INDIRECT(ADDRESS(N39,1)),(O39-1)*19+1,3) -> 032 | R39: =TRIM(MID(INDIRECT(ADDRESS(N39,1)),(O39-1)*19+4,16)) -> FREQ_CH20 | S39: =TRIM(MID(INDIRECT(ADDRESS(N39+1,1)),(O39-1)*19+1,19)) -> 0 | T39: uQ20.12 | U39: =HEX2DEC(IF(AND(LEN(S39)=8,HEX2DEC(LEFT(S39,1))>7),"FF","00")&S39)/2^(0+MID(T39,FIND(".",T39)+1,2)) -> 0 | X39: =X35+2 -> 249 | Y39: 1 | AA39: =MID(INDIRECT(ADDRESS(X39,1)),(Y39-1)*19+1,3) -> 032 | AB39: =TRIM(MID(INDIRECT(ADDRESS(X39,1)),(Y39-1)*19+4,16)) -> CH0_F | AC39: =TRIM(MID(INDIRECT(ADDRESS(X39+1,1)),(Y39-1)*19+1,19)) -> 43E29228F07C | AD39: uQ24.40 | AE39: =(HEX2DEC(LEFT(REPT("0",16-LEN(AC39))&AC39,10))*16^6+HEX2DEC(RIGHT(AC39,6)))/2^(0+MID(AD39,FIND(".",AD39)+1,2)) -> 67.885043 | AF39: =SQRT(AE39/$U$16)*K113 -> 215.08203
A40: ='CALIBRATION GUIDE'!B91 -> 1130 810001D0 810201D0 110401D0 | D40: =D36+2 -> 43 | E40: 2 | G40: =MID(INDIRECT(ADDRESS(D40,1)),(E40-1)*19+1,3) -> 033 | H40: =TRIM(MID(INDIRECT(ADDRESS(D40,1)),(E40-1)*19+4,16)) -> Q_K_T | I40: =TRIM(MID(INDIRECT(ADDRESS(D40+1,1)),(E40-1)*19+1,19)) -> 500000 | J40: uQ8.24 | K40: =HEX2DEC(IF(AND(LEN(I40)=8,HEX2DEC(LEFT(I40,1))>7),"FF","00")&I40)/2^(0+MID(J40,FIND(".",J40)+1,2)) -> 0.3125 | N40: =N36+2 -> 186 | O40: 2 | Q40: =MID(INDIRECT(ADDRESS(N40,1)),(O40-1)*19+1,3) -> 033 | R40: =TRIM(MID(INDIRECT(ADDRESS(N40,1)),(O40-1)*19+4,16)) -> FREQ_CH21 | S40: =TRIM(MID(INDIRECT(ADDRESS(N40+1,1)),(O40-1)*19+1,19)) -> 0 | T40: uQ20.12 | U40: =HEX2DEC(IF(AND(LEN(S40)=8,HEX2DEC(LEFT(S40,1))>7),"FF","00")&S40)/2^(0+MID(T40,FIND(".",T40)+1,2)) -> 0 | X40: =X36+2 -> 249 | Y40: 2 | AA40: =MID(INDIRECT(ADDRESS(X40,1)),(Y40-1)*19+1,3) -> 033 | AB40: =TRIM(MID(INDIRECT(ADDRESS(X40,1)),(Y40-1)*19+4,16)) -> CH1_F | AC40: =TRIM(MID(INDIRECT(ADDRESS(X40+1,1)),(Y40-1)*19+1,19)) -> 43F7F323F2C8 | AD40: uQ24.40 | AE40: =(HEX2DEC(LEFT(REPT("0",16-LEN(AC40))&AC40,10))*16^6+HEX2DEC(RIGHT(AC40,6)))/2^(0+MID(AD40,FIND(".",AD40)+1,2)) -> 67.968554 | AF40: =SQRT(AE40/$U$16)*K114 -> 215.21428
A41: ='CALIBRATION GUIDE'!B92 -> 028 RESERVED_C028 029 PULSE_CONT_PW 030 PULSE_CONT_I 031 RESERVED_C031 | D41: =D37+2 -> 43 | E41: 3 | G41: =MID(INDIRECT(ADDRESS(D41,1)),(E41-1)*19+1,3) -> 034 | H41: =TRIM(MID(INDIRECT(ADDRESS(D41,1)),(E41-1)*19+4,16)) -> I_K_T | I41: =TRIM(MID(INDIRECT(ADDRESS(D41+1,1)),(E41-1)*19+1,19)) -> 500000 | J41: uQ8.24 | K41: =HEX2DEC(IF(AND(LEN(I41)=8,HEX2DEC(LEFT(I41,1))>7),"FF","00")&I41)/2^(0+MID(J41,FIND(".",J41)+1,2)) -> 0.3125 | N41: =N37+2 -> 186 | O41: 3 | Q41: =MID(INDIRECT(ADDRESS(N41,1)),(O41-1)*19+1,3) -> 034 | R41: =TRIM(MID(INDIRECT(ADDRESS(N41,1)),(O41-1)*19+4,16)) -> FREQ_CH22 | S41: =TRIM(MID(INDIRECT(ADDRESS(N41+1,1)),(O41-1)*19+1,19)) -> 0 | T41: uQ20.12 | U41: =HEX2DEC(IF(AND(LEN(S41)=8,HEX2DEC(LEFT(S41,1))>7),"FF","00")&S41)/2^(0+MID(T41,FIND(".",T41)+1,2)) -> 0 | X41: =X37+2 -> 249 | Y41: 3 | AA41: =MID(INDIRECT(ADDRESS(X41,1)),(Y41-1)*19+1,3) -> 034 | AB41: =TRIM(MID(INDIRECT(ADDRESS(X41,1)),(Y41-1)*19+4,16)) -> CH2_F | AC41: =TRIM(MID(INDIRECT(ADDRESS(X41+1,1)),(Y41-1)*19+1,19)) -> 43F8370A13E8 | AD41: uQ24.40 | AE41: =(HEX2DEC(LEFT(REPT("0",16-LEN(AC41))&AC41,10))*16^6+HEX2DEC(RIGHT(AC41,6)))/2^(0+MID(AD41,FIND(".",AD41)+1,2)) -> 67.96959 | AF41: =SQRT(AE41/$U$16)*K115 -> 215.21592
A42: ='CALIBRATION GUIDE'!B93 -> 0 7 7 0 | D42: =D38+2 -> 43 | E42: 4 | G42: =MID(INDIRECT(ADDRESS(D42,1)),(E42-1)*19+1,3) -> 035 | H42: =TRIM(MID(INDIRECT(ADDRESS(D42,1)),(E42-1)*19+4,16)) -> CREEP_THR_P | I42: =TRIM(MID(INDIRECT(ADDRESS(D42+1,1)),(E42-1)*19+1,19)) -> 2E9A | J42: uQ2.30 | K42: =HEX2DEC(IF(AND(LEN(I42)=8,HEX2DEC(LEFT(I42,1))>7),"FF","00")&I42)/2^(0+MID(J42,FIND(".",J42)+1,2)) -> 1.1110678e-05 | N42: =N38+2 -> 186 | O42: 4 | Q42: =MID(INDIRECT(ADDRESS(N42,1)),(O42-1)*19+1,3) -> 035 | R42: =TRIM(MID(INDIRECT(ADDRESS(N42,1)),(O42-1)*19+4,16)) -> FREQ_CH23 | S42: =TRIM(MID(INDIRECT(ADDRESS(N42+1,1)),(O42-1)*19+1,19)) -> 0 | T42: uQ20.12 | U42: =HEX2DEC(IF(AND(LEN(S42)=8,HEX2DEC(LEFT(S42,1))>7),"FF","00")&S42)/2^(0+MID(T42,FIND(".",T42)+1,2)) -> 0 | X42: =X38+2 -> 249 | Y42: 4 | AA42: =MID(INDIRECT(ADDRESS(X42,1)),(Y42-1)*19+1,3) -> 035 | AB42: =TRIM(MID(INDIRECT(ADDRESS(X42,1)),(Y42-1)*19+4,16)) -> CH3_F | AC42: =TRIM(MID(INDIRECT(ADDRESS(X42+1,1)),(Y42-1)*19+1,19)) -> 9D50E49E51A | AD42: uQ24.40 | AE42: =(HEX2DEC(LEFT(REPT("0",16-LEN(AC42))&AC42,10))*16^6+HEX2DEC(RIGHT(AC42,6)))/2^(0+MID(AD42,FIND(".",AD42)+1,2)) -> 9.8322493 | AF42: =SQRT(AE42/$U$16)*K116 -> 30.604239
A43: ='CALIBRATION GUIDE'!B94 -> 032 P_K_T 033 Q_K_T 034 I_K_T 035 CREEP_THR_P | D43: =D39+2 -> 45 | E43: 1 | G43: =MID(INDIRECT(ADDRESS(D43,1)),(E43-1)*19+1,3) -> 036 | H43: =TRIM(MID(INDIRECT(ADDRESS(D43,1)),(E43-1)*19+4,16)) -> CREEP_THR_Q | I43: =TRIM(MID(INDIRECT(ADDRESS(D43+1,1)),(E43-1)*19+1,19)) -> 2E9A | J43: uQ2.30 | K43: =HEX2DEC(IF(AND(LEN(I43)=8,HEX2DEC(LEFT(I43,1))>7),"FF","00")&I43)/2^(0+MID(J43,FIND(".",J43)+1,2)) -> 1.1110678e-05 | N43: =N39+2 -> 188 | O43: 1 | Q43: =MID(INDIRECT(ADDRESS(N43,1)),(O43-1)*19+1,3) -> 036 | R43: =TRIM(MID(INDIRECT(ADDRESS(N43,1)),(O43-1)*19+4,16)) -> FREQ_CH24 | S43: =TRIM(MID(INDIRECT(ADDRESS(N43+1,1)),(O43-1)*19+1,19)) -> 0 | T43: uQ20.12 | U43: =HEX2DEC(IF(AND(LEN(S43)=8,HEX2DEC(LEFT(S43,1))>7),"FF","00")&S43)/2^(0+MID(T43,FIND(".",T43)+1,2)) -> 0 | X43: =X39+2 -> 251 | Y43: 1 | AA43: =MID(INDIRECT(ADDRESS(X43,1)),(Y43-1)*19+1,3) -> 036 | AB43: =TRIM(MID(INDIRECT(ADDRESS(X43,1)),(Y43-1)*19+4,16)) -> CH4_F | AC43: =TRIM(MID(INDIRECT(ADDRESS(X43+1,1)),(Y43-1)*19+1,19)) -> 9C73814166E | AD43: uQ24.40 | AE43: =(HEX2DEC(LEFT(REPT("0",16-LEN(AC43))&AC43,10))*16^6+HEX2DEC(RIGHT(AC43,6)))/2^(0+MID(AD43,FIND(".",AD43)+1,2)) -> 9.7781994 | AF43: =SQRT(AE43/$U$16)*K117 -> 30.520005
A44: ='CALIBRATION GUIDE'!B95 -> 500000 500000 500000 2E9A | D44: =D40+2 -> 45 | E44: 2 | G44: =MID(INDIRECT(ADDRESS(D44,1)),(E44-1)*19+1,3) -> 037 | H44: =TRIM(MID(INDIRECT(ADDRESS(D44,1)),(E44-1)*19+4,16)) -> CREEP_THR_I | I44: =TRIM(MID(INDIRECT(ADDRESS(D44+1,1)),(E44-1)*19+1,19)) -> 212D | J44: uQ12.20 | K44: =HEX2DEC(IF(AND(LEN(I44)=8,HEX2DEC(LEFT(I44,1))>7),"FF","00")&I44)/2^(0+MID(J44,FIND(".",J44)+1,2)) -> 0.008099556 | N44: =N40+2 -> 188 | O44: 2 | Q44: =MID(INDIRECT(ADDRESS(N44,1)),(O44-1)*19+1,3) -> 037 | R44: =TRIM(MID(INDIRECT(ADDRESS(N44,1)),(O44-1)*19+4,16)) -> FREQ_CH25 | S44: =TRIM(MID(INDIRECT(ADDRESS(N44+1,1)),(O44-1)*19+1,19)) -> 0 | T44: uQ20.12 | U44: =HEX2DEC(IF(AND(LEN(S44)=8,HEX2DEC(LEFT(S44,1))>7),"FF","00")&S44)/2^(0+MID(T44,FIND(".",T44)+1,2)) -> 0 | X44: =X40+2 -> 251 | Y44: 2 | AA44: =MID(INDIRECT(ADDRESS(X44,1)),(Y44-1)*19+1,3) -> 037 | AB44: =TRIM(MID(INDIRECT(ADDRESS(X44,1)),(Y44-1)*19+4,16)) -> CH5_F | AC44: =TRIM(MID(INDIRECT(ADDRESS(X44+1,1)),(Y44-1)*19+1,19)) -> 9C7BAEA2A69 | AD44: uQ24.40 | AE44: =(HEX2DEC(LEFT(REPT("0",16-LEN(AC44))&AC44,10))*16^6+HEX2DEC(RIGHT(AC44,6)))/2^(0+MID(AD44,FIND(".",AD44)+1,2)) -> 9.7801958 | AF44: =SQRT(AE44/$U$16)*K118 -> 30.52312
A45: ='CALIBRATION GUIDE'!B96 -> 036 CREEP_THR_Q 037 CREEP_THR_I 038 P_PW_OS_CTRL 039 Q_PW_OS_CTRL | D45: =D41+2 -> 45 | E45: 3 | G45: =MID(INDIRECT(ADDRESS(D45,1)),(E45-1)*19+1,3) -> 038 | H45: =TRIM(MID(INDIRECT(ADDRESS(D45,1)),(E45-1)*19+4,16)) -> P_PW_OS_CTRL | I45: =TRIM(MID(INDIRECT(ADDRESS(D45+1,1)),(E45-1)*19+1,19)) -> 0 | J45: uQ32.0 | K45: =HEX2DEC(IF(AND(LEN(I45)=8,HEX2DEC(LEFT(I45,1))>7),"FF","00")&I45)/2^(0+MID(J45,FIND(".",J45)+1,2)) -> 0 | N45: =N41+2 -> 188 | O45: 3 | Q45: =MID(INDIRECT(ADDRESS(N45,1)),(O45-1)*19+1,3) -> 038 | R45: =TRIM(MID(INDIRECT(ADDRESS(N45,1)),(O45-1)*19+4,16)) -> FREQ_CH26 | S45: =TRIM(MID(INDIRECT(ADDRESS(N45+1,1)),(O45-1)*19+1,19)) -> 0 | T45: uQ20.12 | U45: =HEX2DEC(IF(AND(LEN(S45)=8,HEX2DEC(LEFT(S45,1))>7),"FF","00")&S45)/2^(0+MID(T45,FIND(".",T45)+1,2)) -> 0 | X45: =X41+2 -> 251 | Y45: 3 | AA45: =MID(INDIRECT(ADDRESS(X45,1)),(Y45-1)*19+1,3) -> 038 | AB45: =TRIM(MID(INDIRECT(ADDRESS(X45,1)),(Y45-1)*19+4,16)) -> CH6_F | AC45: =TRIM(MID(INDIRECT(ADDRESS(X45+1,1)),(Y45-1)*19+1,19)) -> 2388 | AD45: uQ24.40 | AE45: =(HEX2DEC(LEFT(REPT("0",16-LEN(AC45))&AC45,10))*16^6+HEX2DEC(RIGHT(AC45,6)))/2^(0+MID(AD45,FIND(".",AD45)+1,2)) -> 8.2727638e-09 | AF45: =SQRT(AE45/$U$16)*K119 -> 0.00088772911
A46: ='CALIBRATION GUIDE'!B97 -> 2E9A 212D 0 80000000 | D46: =D42+2 -> 45 | E46: 4 | G46: =MID(INDIRECT(ADDRESS(D46,1)),(E46-1)*19+1,3) -> 039 | H46: =TRIM(MID(INDIRECT(ADDRESS(D46,1)),(E46-1)*19+4,16)) -> Q_PW_OS_CTRL | I46: =TRIM(MID(INDIRECT(ADDRESS(D46+1,1)),(E46-1)*19+1,19)) -> 80000000 | J46: uQ32.0 | K46: =HEX2DEC(IF(AND(LEN(I46)=8,HEX2DEC(LEFT(I46,1))>7),"FF","00")&I46)/2^(0+MID(J46,FIND(".",J46)+1,2)) -> -2147483648 | N46: =N42+2 -> 188 | O46: 4 | Q46: =MID(INDIRECT(ADDRESS(N46,1)),(O46-1)*19+1,3) -> 039 | R46: =TRIM(MID(INDIRECT(ADDRESS(N46,1)),(O46-1)*19+4,16)) -> FREQ_CH27 | S46: =TRIM(MID(INDIRECT(ADDRESS(N46+1,1)),(O46-1)*19+1,19)) -> 0 | T46: uQ20.12 | U46: =HEX2DEC(IF(AND(LEN(S46)=8,HEX2DEC(LEFT(S46,1))>7),"FF","00")&S46)/2^(0+MID(T46,FIND(".",T46)+1,2)) -> 0 | X46: =X42+2 -> 251 | Y46: 4 | AA46: =MID(INDIRECT(ADDRESS(X46,1)),(Y46-1)*19+1,3) -> 039 | AB46: =TRIM(MID(INDIRECT(ADDRESS(X46,1)),(Y46-1)*19+4,16)) -> CH7_F | AC46: =TRIM(MID(INDIRECT(ADDRESS(X46+1,1)),(Y46-1)*19+1,19)) -> 17F5 | AD46: uQ24.40 | AE46: =(HEX2DEC(LEFT(REPT("0",16-LEN(AC46))&AC46,10))*16^6+HEX2DEC(RIGHT(AC46,6)))/2^(0+MID(AD46,FIND(".",AD46)+1,2)) -> 5.577931e-09 | AF46: =SQRT(AE46/$U$16)*K120 -> 0.0019496365
A47: ='CALIBRATION GUIDE'!B98 -> 040 POWER_OFFSET_P 041 POWER_OFFSET_Q 042 SWELL_OV_TH_00 043 SWELL_OV_TH_01 | D47: =D43+2 -> 47 | E47: 1 | G47: =MID(INDIRECT(ADDRESS(D47,1)),(E47-1)*19+1,3) -> 040 | H47: =TRIM(MID(INDIRECT(ADDRESS(D47,1)),(E47-1)*19+4,16)) -> POWER_OFFSET_P | I47: =TRIM(MID(INDIRECT(ADDRESS(D47+1,1)),(E47-1)*19+1,19)) -> 0 | J47: sQ1.30 | K47: =HEX2DEC(IF(AND(LEN(I47)=8,HEX2DEC(LEFT(I47,1))>7),"FF","00")&I47)/2^(0+MID(J47,FIND(".",J47)+1,2)) -> 0 | N47: =N43+2 -> 190 | O47: 1 | Q47: =MID(INDIRECT(ADDRESS(N47,1)),(O47-1)*19+1,3) -> 030 | R47: =TRIM(MID(INDIRECT(ADDRESS(N47,1)),(O47-1)*19+4,16)) -> FREQ_CH28 | S47: =TRIM(MID(INDIRECT(ADDRESS(N47+1,1)),(O47-1)*19+1,19)) -> 0 | T47: uQ20.12 | U47: =HEX2DEC(IF(AND(LEN(S47)=8,HEX2DEC(LEFT(S47,1))>7),"FF","00")&S47)/2^(0+MID(T47,FIND(".",T47)+1,2)) -> 0 | X47: =X43+2 -> 253 | Y47: 1 | AA47: =MID(INDIRECT(ADDRESS(X47,1)),(Y47-1)*19+1,3) -> 040 | AB47: =TRIM(MID(INDIRECT(ADDRESS(X47,1)),(Y47-1)*19+4,16)) -> CH8_F | AC47: =TRIM(MID(INDIRECT(ADDRESS(X47+1,1)),(Y47-1)*19+1,19)) -> 0 | AD47: uQ24.40 | AE47: =(HEX2DEC(LEFT(REPT("0",16-LEN(AC47))&AC47,10))*16^6+HEX2DEC(RIGHT(AC47,6)))/2^(0+MID(AD47,FIND(".",AD47)+1,2)) -> 0 | AF47: =SQRT(AE47/$U$16)*K121 -> 0
A48: ='CALIBRATION GUIDE'!B99 -> 0 345 0 5E84F61 | D48: =D44+2 -> 47 | E48: 2 | G48: =MID(INDIRECT(ADDRESS(D48,1)),(E48-1)*19+1,3) -> 041 | H48: =TRIM(MID(INDIRECT(ADDRESS(D48,1)),(E48-1)*19+4,16)) -> POWER_OFFSET_Q | I48: =TRIM(MID(INDIRECT(ADDRESS(D48+1,1)),(E48-1)*19+1,19)) -> 345 | J48: sQ1.30 | K48: =HEX2DEC(IF(AND(LEN(I48)=8,HEX2DEC(LEFT(I48,1))>7),"FF","00")&I48)/2^(0+MID(J48,FIND(".",J48)+1,2)) -> 7.7951699e-07 | N48: =N44+2 -> 190 | O48: 2 | Q48: =MID(INDIRECT(ADDRESS(N48,1)),(O48-1)*19+1,3) -> 041 | R48: =TRIM(MID(INDIRECT(ADDRESS(N48,1)),(O48-1)*19+4,16)) -> FREQ_CH29 | S48: =TRIM(MID(INDIRECT(ADDRESS(N48+1,1)),(O48-1)*19+1,19)) -> 0 | T48: uQ20.12 | U48: =HEX2DEC(IF(AND(LEN(S48)=8,HEX2DEC(LEFT(S48,1))>7),"FF","00")&S48)/2^(0+MID(T48,FIND(".",T48)+1,2)) -> 0 | X48: =X44+2 -> 253 | Y48: 2 | AA48: =MID(INDIRECT(ADDRESS(X48,1)),(Y48-1)*19+1,3) -> 041 | AB48: =TRIM(MID(INDIRECT(ADDRESS(X48,1)),(Y48-1)*19+4,16)) -> CH9_F | AC48: =TRIM(MID(INDIRECT(ADDRESS(X48+1,1)),(Y48-1)*19+1,19)) -> 0 | AD48: uQ24.40 | AE48: =(HEX2DEC(LEFT(REPT("0",16-LEN(AC48))&AC48,10))*16^6+HEX2DEC(RIGHT(AC48,6)))/2^(0+MID(AD48,FIND(".",AD48)+1,2)) -> 0 | AF48: =SQRT(AE48/$U$16)*K122 -> 0
A49: ='CALIBRATION GUIDE'!B100 -> 044 SWELL_OV_TH_02 045 SWELL_OV_TH_03 046 SWELL_OV_TH_04 047 SWELL_OV_TH_05 | D49: =D45+2 -> 47 | E49: 3 | G49: =MID(INDIRECT(ADDRESS(D49,1)),(E49-1)*19+1,3) -> 042 | H49: =TRIM(MID(INDIRECT(ADDRESS(D49,1)),(E49-1)*19+4,16)) -> SWELL_OV_TH_00 | I49: =TRIM(MID(INDIRECT(ADDRESS(D49+1,1)),(E49-1)*19+1,19)) -> 0 | J49: uQ0.32 | K49: =HEX2DEC(IF(AND(LEN(I49)=8,HEX2DEC(LEFT(I49,1))>7),"FF","00")&I49)/2^(0+MID(J49,FIND(".",J49)+1,2)) -> 0 | N49: =N45+2 -> 190 | O49: 3 | Q49: =MID(INDIRECT(ADDRESS(N49,1)),(O49-1)*19+1,3) -> 042 | R49: =TRIM(MID(INDIRECT(ADDRESS(N49,1)),(O49-1)*19+4,16)) -> FREQ_CH30 | S49: =TRIM(MID(INDIRECT(ADDRESS(N49+1,1)),(O49-1)*19+1,19)) -> 0 | T49: uQ20.12 | U49: =HEX2DEC(IF(AND(LEN(S49)=8,HEX2DEC(LEFT(S49,1))>7),"FF","00")&S49)/2^(0+MID(T49,FIND(".",T49)+1,2)) -> 0 | X49: =X45+2 -> 253 | Y49: 3 | AA49: =MID(INDIRECT(ADDRESS(X49,1)),(Y49-1)*19+1,3) -> 042 | AB49: =TRIM(MID(INDIRECT(ADDRESS(X49,1)),(Y49-1)*19+4,16)) -> CH10_F | AC49: =TRIM(MID(INDIRECT(ADDRESS(X49+1,1)),(Y49-1)*19+1,19)) -> 0 | AD49: uQ24.40 | AE49: =(HEX2DEC(LEFT(REPT("0",16-LEN(AC49))&AC49,10))*16^6+HEX2DEC(RIGHT(AC49,6)))/2^(0+MID(AD49,FIND(".",AD49)+1,2)) -> 0 | AF49: =SQRT(AE49/$U$16)*K123 -> 0
A50: ='CALIBRATION GUIDE'!B101 -> 0 5E84F61 0 5E84F61 | D50: =D46+2 -> 47 | E50: 4 | G50: =MID(INDIRECT(ADDRESS(D50,1)),(E50-1)*19+1,3) -> 043 | H50: =TRIM(MID(INDIRECT(ADDRESS(D50,1)),(E50-1)*19+4,16)) -> SWELL_OV_TH_01 | I50: =TRIM(MID(INDIRECT(ADDRESS(D50+1,1)),(E50-1)*19+1,19)) -> 5E84F61 | J50: uQ0.32 | K50: =HEX2DEC(IF(AND(LEN(I50)=8,HEX2DEC(LEFT(I50,1))>7),"FF","00")&I50)/2^(0+MID(J50,FIND(".",J50)+1,2)) -> 0.02307602 | N50: =N46+2 -> 190 | O50: 4 | Q50: =MID(INDIRECT(ADDRESS(N50,1)),(O50-1)*19+1,3) -> 043 | R50: =TRIM(MID(INDIRECT(ADDRESS(N50,1)),(O50-1)*19+4,16)) -> FREQ_CH31 | S50: =TRIM(MID(INDIRECT(ADDRESS(N50+1,1)),(O50-1)*19+1,19)) -> 0 | T50: uQ20.12 | U50: =HEX2DEC(IF(AND(LEN(S50)=8,HEX2DEC(LEFT(S50,1))>7),"FF","00")&S50)/2^(0+MID(T50,FIND(".",T50)+1,2)) -> 0 | X50: =X46+2 -> 253 | Y50: 4 | AA50: =MID(INDIRECT(ADDRESS(X50,1)),(Y50-1)*19+1,3) -> 043 | AB50: =TRIM(MID(INDIRECT(ADDRESS(X50,1)),(Y50-1)*19+4,16)) -> CH11_F | AC50: =TRIM(MID(INDIRECT(ADDRESS(X50+1,1)),(Y50-1)*19+1,19)) -> 0 | AD50: uQ24.40 | AE50: =(HEX2DEC(LEFT(REPT("0",16-LEN(AC50))&AC50,10))*16^6+HEX2DEC(RIGHT(AC50,6)))/2^(0+MID(AD50,FIND(".",AD50)+1,2)) -> 0 | AF50: =SQRT(AE50/$U$16)*K124 -> 0
A51: ='CALIBRATION GUIDE'!B102 -> 048 SWELL_OV_TH_06 049 SWELL_OV_TH_07 050 SWELL_OV_TH_08 051 SWELL_OV_TH_09 | D51: =D47+2 -> 49 | E51: 1 | G51: =MID(INDIRECT(ADDRESS(D51,1)),(E51-1)*19+1,3) -> 044 | H51: =TRIM(MID(INDIRECT(ADDRESS(D51,1)),(E51-1)*19+4,16)) -> SWELL_OV_TH_02 | I51: =TRIM(MID(INDIRECT(ADDRESS(D51+1,1)),(E51-1)*19+1,19)) -> 0 | J51: uQ0.32 | K51: =(HEX2DEC(LEFT(REPT("0",16-LEN(I51))&I51,10))*16^6+HEX2DEC(RIGHT(I51,6)))/2^(0+MID(J51,FIND(".",J51)+1,2)) -> 0 | N51: =N47+2 -> 192 | O51: 1 | Q51: =MID(INDIRECT(ADDRESS(N51,1)),(O51-1)*19+1,3) -> 044 | R51: =TRIM(MID(INDIRECT(ADDRESS(N51,1)),(O51-1)*19+4,16)) -> RESERVED_S44 | S51: =TRIM(MID(INDIRECT(ADDRESS(N51+1,1)),(O51-1)*19+1,19)) -> 0 | T51: uQ0.32 | U51: =(HEX2DEC(LEFT(REPT("0",16-LEN(S51))&S51,10))*16^6+HEX2DEC(RIGHT(S51,6)))/2^(0+MID(T51,FIND(".",T51)+1,2)) -> 0 | X51: =X47+2 -> 255 | Y51: 1 | AA51: =MID(INDIRECT(ADDRESS(X51,1)),(Y51-1)*19+1,3) -> 044 | AB51: =TRIM(MID(INDIRECT(ADDRESS(X51,1)),(Y51-1)*19+4,16)) -> CH12_F | AC51: =TRIM(MID(INDIRECT(ADDRESS(X51+1,1)),(Y51-1)*19+1,19)) -> 0 | AD51: uQ24.40 | AE51: =(HEX2DEC(LEFT(REPT("0",16-LEN(AC51))&AC51,10))*16^6+HEX2DEC(RIGHT(AC51,6)))/2^(0+MID(AD51,FIND(".",AD51)+1,2)) -> 0 | AF51: =SQRT(AE51/$U$16)*K125 -> 0
A52: ='CALIBRATION GUIDE'!B103 -> 0 5E84F61 0 5E84F61 | D52: =D48+2 -> 49 | E52: 2 | G52: =MID(INDIRECT(ADDRESS(D52,1)),(E52-1)*19+1,3) -> 045 | H52: =TRIM(MID(INDIRECT(ADDRESS(D52,1)),(E52-1)*19+4,16)) -> SWELL_OV_TH_03 | I52: =TRIM(MID(INDIRECT(ADDRESS(D52+1,1)),(E52-1)*19+1,19)) -> 5E84F61 | J52: uQ0.32 | K52: =(HEX2DEC(LEFT(REPT("0",16-LEN(I52))&I52,10))*16^6+HEX2DEC(RIGHT(I52,6)))/2^(0+MID(J52,FIND(".",J52)+1,2)) -> 0.02307602 | N52: =N48+2 -> 192 | O52: 2 | Q52: =MID(INDIRECT(ADDRESS(N52,1)),(O52-1)*19+1,3) -> 045 | R52: =TRIM(MID(INDIRECT(ADDRESS(N52,1)),(O52-1)*19+4,16)) -> RESERVED_S45 | S52: =TRIM(MID(INDIRECT(ADDRESS(N52+1,1)),(O52-1)*19+1,19)) -> 0 | T52: uQ0.32 | U52: =(HEX2DEC(LEFT(REPT("0",16-LEN(S52))&S52,10))*16^6+HEX2DEC(RIGHT(S52,6)))/2^(0+MID(T52,FIND(".",T52)+1,2)) -> 0 | X52: =X48+2 -> 255 | Y52: 2 | AA52: =MID(INDIRECT(ADDRESS(X52,1)),(Y52-1)*19+1,3) -> 045 | AB52: =TRIM(MID(INDIRECT(ADDRESS(X52,1)),(Y52-1)*19+4,16)) -> CH13_F | AC52: =TRIM(MID(INDIRECT(ADDRESS(X52+1,1)),(Y52-1)*19+1,19)) -> 0 | AD52: uQ24.40 | AE52: =(HEX2DEC(LEFT(REPT("0",16-LEN(AC52))&AC52,10))*16^6+HEX2DEC(RIGHT(AC52,6)))/2^(0+MID(AD52,FIND(".",AD52)+1,2)) -> 0 | AF52: =SQRT(AE52/$U$16)*K126 -> 0
A53: ='CALIBRATION GUIDE'!B104 -> 052 SWELL_OV_TH_10 053 SWELL_OV_TH_11 054 SWELL_OV_TH_12 055 SWELL_OV_TH_13 | D53: =D49+2 -> 49 | E53: 3 | G53: =MID(INDIRECT(ADDRESS(D53,1)),(E53-1)*19+1,3) -> 046 | H53: =TRIM(MID(INDIRECT(ADDRESS(D53,1)),(E53-1)*19+4,16)) -> SWELL_OV_TH_04 | I53: =TRIM(MID(INDIRECT(ADDRESS(D53+1,1)),(E53-1)*19+1,19)) -> 0 | J53: uQ0.32 | K53: =(HEX2DEC(LEFT(REPT("0",16-LEN(I53))&I53,10))*16^6+HEX2DEC(RIGHT(I53,6)))/2^(0+MID(J53,FIND(".",J53)+1,2)) -> 0 | N53: =N49+2 -> 192 | O53: 3 | Q53: =MID(INDIRECT(ADDRESS(N53,1)),(O53-1)*19+1,3) -> 046 | R53: =TRIM(MID(INDIRECT(ADDRESS(N53,1)),(O53-1)*19+4,16)) -> CH_MAX_0 | S53: =TRIM(MID(INDIRECT(ADDRESS(N53+1,1)),(O53-1)*19+1,19)) -> 60BD064 | T53: sQ2.29 | U53: =(HEX2DEC(LEFT(REPT("0",16-LEN(S53))&S53,10))*16^6+HEX2DEC(RIGHT(S53,6)))/2^(0+MID(T53,FIND(".",T53)+1,2)) -> 0.18894214 | V53: =U53*K113 -> 311.94348 | X53: =X49+2 -> 255 | Y53: 3 | AA53: =MID(INDIRECT(ADDRESS(X53,1)),(Y53-1)*19+1,3) -> 046 | AB53: =TRIM(MID(INDIRECT(ADDRESS(X53,1)),(Y53-1)*19+4,16)) -> CH14_F | AC53: =TRIM(MID(INDIRECT(ADDRESS(X53+1,1)),(Y53-1)*19+1,19)) -> 0 | AD53: uQ24.40 | AE53: =(HEX2DEC(LEFT(REPT("0",16-LEN(AC53))&AC53,10))*16^6+HEX2DEC(RIGHT(AC53,6)))/2^(0+MID(AD53,FIND(".",AD53)+1,2)) -> 0 | AF53: =SQRT(AE53/$U$16)*K127 -> 0
A54: ='CALIBRATION GUIDE'!B105 -> 0 5E84F61 0 0 | D54: =D50+2 -> 49 | E54: 4 | G54: =MID(INDIRECT(ADDRESS(D54,1)),(E54-1)*19+1,3) -> 047 | H54: =TRIM(MID(INDIRECT(ADDRESS(D54,1)),(E54-1)*19+4,16)) -> SWELL_OV_TH_05 | I54: =TRIM(MID(INDIRECT(ADDRESS(D54+1,1)),(E54-1)*19+1,19)) -> 5E84F61 | J54: uQ0.32 | K54: =(HEX2DEC(LEFT(REPT("0",16-LEN(I54))&I54,10))*16^6+HEX2DEC(RIGHT(I54,6)))/2^(0+MID(J54,FIND(".",J54)+1,2)) -> 0.02307602 | N54: =N50+2 -> 192 | O54: 4 | Q54: =MID(INDIRECT(ADDRESS(N54,1)),(O54-1)*19+1,3) -> 047 | R54: =TRIM(MID(INDIRECT(ADDRESS(N54,1)),(O54-1)*19+4,16)) -> CH_MAX_1 | S54: =TRIM(MID(INDIRECT(ADDRESS(N54+1,1)),(O54-1)*19+1,19)) -> 60B8536 | T54: sQ2.29 | U54: =(HEX2DEC(LEFT(REPT("0",16-LEN(S54))&S54,10))*16^6+HEX2DEC(RIGHT(S54,6)))/2^(0+MID(T54,FIND(".",T54)+1,2)) -> 0.18890629 | V54: =U54*K114 -> 311.88429 | X54: =X50+2 -> 255 | Y54: 4 | AA54: =MID(INDIRECT(ADDRESS(X54,1)),(Y54-1)*19+1,3) -> 047 | AB54: =TRIM(MID(INDIRECT(ADDRESS(X54,1)),(Y54-1)*19+4,16)) -> CH15_F | AC54: =TRIM(MID(INDIRECT(ADDRESS(X54+1,1)),(Y54-1)*19+1,19)) -> 0 | AD54: uQ24.40 | AE54: =(HEX2DEC(LEFT(REPT("0",16-LEN(AC54))&AC54,10))*16^6+HEX2DEC(RIGHT(AC54,6)))/2^(0+MID(AD54,FIND(".",AD54)+1,2)) -> 0 | AF54: =SQRT(AE54/$U$16)*K128 -> 0
A55: ='CALIBRATION GUIDE'!B106 -> 056 SWELL_OV_TH_14 057 SWELL_OV_TH_15 058 SWELL_OV_TH_16 059 SWELL_OV_TH_17 | D55: =D51+2 -> 51 | E55: 1 | G55: =MID(INDIRECT(ADDRESS(D55,1)),(E55-1)*19+1,3) -> 048 | H55: =TRIM(MID(INDIRECT(ADDRESS(D55,1)),(E55-1)*19+4,16)) -> SWELL_OV_TH_06 | I55: =TRIM(MID(INDIRECT(ADDRESS(D55+1,1)),(E55-1)*19+1,19)) -> 0 | J55: uQ0.32 | K55: =(HEX2DEC(LEFT(REPT("0",16-LEN(I55))&I55,10))*16^6+HEX2DEC(RIGHT(I55,6)))/2^(0+MID(J55,FIND(".",J55)+1,2)) -> 0 | N55: =N51+2 -> 194 | O55: 1 | Q55: =MID(INDIRECT(ADDRESS(N55,1)),(O55-1)*19+1,3) -> 048 | R55: =TRIM(MID(INDIRECT(ADDRESS(N55,1)),(O55-1)*19+4,16)) -> CH_MAX_2 | S55: =TRIM(MID(INDIRECT(ADDRESS(N55+1,1)),(O55-1)*19+1,19)) -> 60BDB45 | T55: sQ2.29 | U55: =(HEX2DEC(LEFT(REPT("0",16-LEN(S55))&S55,10))*16^6+HEX2DEC(RIGHT(S55,6)))/2^(0+MID(T55,FIND(".",T55)+1,2)) -> 0.18894733 | V55: =U55*K115 -> 311.95204 | X55: =X51+2 -> 257 | Y55: 1 | AA55: =MID(INDIRECT(ADDRESS(X55,1)),(Y55-1)*19+1,3) -> 048 | AB55: =TRIM(MID(INDIRECT(ADDRESS(X55,1)),(Y55-1)*19+4,16)) -> CH16_F | AC55: =TRIM(MID(INDIRECT(ADDRESS(X55+1,1)),(Y55-1)*19+1,19)) -> 0 | AD55: uQ24.40 | AE55: =(HEX2DEC(LEFT(REPT("0",16-LEN(AC55))&AC55,10))*16^6+HEX2DEC(RIGHT(AC55,6)))/2^(0+MID(AD55,FIND(".",AD55)+1,2)) -> 0 | AF55: =SQRT(AE55/$U$16)*K129 -> 0
A56: ='CALIBRATION GUIDE'!B107 -> 0 0 0 0 | D56: =D52+2 -> 51 | E56: 2 | G56: =MID(INDIRECT(ADDRESS(D56,1)),(E56-1)*19+1,3) -> 049 | H56: =TRIM(MID(INDIRECT(ADDRESS(D56,1)),(E56-1)*19+4,16)) -> SWELL_OV_TH_07 | I56: =TRIM(MID(INDIRECT(ADDRESS(D56+1,1)),(E56-1)*19+1,19)) -> 5E84F61 | J56: uQ0.32 | K56: =(HEX2DEC(LEFT(REPT("0",16-LEN(I56))&I56,10))*16^6+HEX2DEC(RIGHT(I56,6)))/2^(0+MID(J56,FIND(".",J56)+1,2)) -> 0.02307602 | N56: =N52+2 -> 194 | O56: 2 | Q56: =MID(INDIRECT(ADDRESS(N56,1)),(O56-1)*19+1,3) -> 049 | R56: =TRIM(MID(INDIRECT(ADDRESS(N56,1)),(O56-1)*19+4,16)) -> CH_MAX_3 | S56: =TRIM(MID(INDIRECT(ADDRESS(N56+1,1)),(O56-1)*19+1,19)) -> 23E7BFC | T56: sQ2.29 | U56: =(HEX2DEC(LEFT(REPT("0",16-LEN(S56))&S56,10))*16^6+HEX2DEC(RIGHT(S56,6)))/2^(0+MID(T56,FIND(".",T56)+1,2)) -> 0.07012748 | V56: =U56*K116 -> 43.288584 | X56: =X52+2 -> 257 | Y56: 2 | AA56: =MID(INDIRECT(ADDRESS(X56,1)),(Y56-1)*19+1,3) -> 049 | AB56: =TRIM(MID(INDIRECT(ADDRESS(X56,1)),(Y56-1)*19+4,16)) -> CH17_F | AC56: =TRIM(MID(INDIRECT(ADDRESS(X56+1,1)),(Y56-1)*19+1,19)) -> 0 | AD56: uQ24.40 | AE56: =(HEX2DEC(LEFT(REPT("0",16-LEN(AC56))&AC56,10))*16^6+HEX2DEC(RIGHT(AC56,6)))/2^(0+MID(AD56,FIND(".",AD56)+1,2)) -> 0 | AF56: =SQRT(AE56/$U$16)*K130 -> 0
A57: ='CALIBRATION GUIDE'!B108 -> 060 SWELL_OV_TH_18 061 SWELL_OV_TH_19 062 SWELL_OV_TH_20 063 SWELL_OV_TH_21 | D57: =D53+2 -> 51 | E57: 3 | G57: =MID(INDIRECT(ADDRESS(D57,1)),(E57-1)*19+1,3) -> 050 | H57: =TRIM(MID(INDIRECT(ADDRESS(D57,1)),(E57-1)*19+4,16)) -> SWELL_OV_TH_08 | I57: =TRIM(MID(INDIRECT(ADDRESS(D57+1,1)),(E57-1)*19+1,19)) -> 0 | J57: uQ0.32 | K57: =(HEX2DEC(LEFT(REPT("0",16-LEN(I57))&I57,10))*16^6+HEX2DEC(RIGHT(I57,6)))/2^(0+MID(J57,FIND(".",J57)+1,2)) -> 0 | N57: =N53+2 -> 194 | O57: 3 | Q57: =MID(INDIRECT(ADDRESS(N57,1)),(O57-1)*19+1,3) -> 050 | R57: =TRIM(MID(INDIRECT(ADDRESS(N57,1)),(O57-1)*19+4,16)) -> CH_MAX_4 | S57: =TRIM(MID(INDIRECT(ADDRESS(N57+1,1)),(O57-1)*19+1,19)) -> 23D191F | T57: sQ2.29 | U57: =(HEX2DEC(LEFT(REPT("0",16-LEN(S57))&S57,10))*16^6+HEX2DEC(RIGHT(S57,6)))/2^(0+MID(T57,FIND(".",T57)+1,2)) -> 0.069958268 | V57: =U57*K117 -> 43.184132 | X57: =X53+2 -> 257 | Y57: 3 | AA57: =MID(INDIRECT(ADDRESS(X57,1)),(Y57-1)*19+1,3) -> 050 | AB57: =TRIM(MID(INDIRECT(ADDRESS(X57,1)),(Y57-1)*19+4,16)) -> CH18_F | AC57: =TRIM(MID(INDIRECT(ADDRESS(X57+1,1)),(Y57-1)*19+1,19)) -> 0 | AD57: uQ24.40 | AE57: =(HEX2DEC(LEFT(REPT("0",16-LEN(AC57))&AC57,10))*16^6+HEX2DEC(RIGHT(AC57,6)))/2^(0+MID(AD57,FIND(".",AD57)+1,2)) -> 0 | AF57: =SQRT(AE57/$U$16)*K131 -> 0
A58: ='CALIBRATION GUIDE'!B109 -> 0 0 0 0 | D58: =D54+2 -> 51 | E58: 4 | G58: =MID(INDIRECT(ADDRESS(D58,1)),(E58-1)*19+1,3) -> 051 | H58: =TRIM(MID(INDIRECT(ADDRESS(D58,1)),(E58-1)*19+4,16)) -> SWELL_OV_TH_09 | I58: =TRIM(MID(INDIRECT(ADDRESS(D58+1,1)),(E58-1)*19+1,19)) -> 5E84F61 | J58: uQ0.32 | K58: =(HEX2DEC(LEFT(REPT("0",16-LEN(I58))&I58,10))*16^6+HEX2DEC(RIGHT(I58,6)))/2^(0+MID(J58,FIND(".",J58)+1,2)) -> 0.02307602 | N58: =N54+2 -> 194 | O58: 4 | Q58: =MID(INDIRECT(ADDRESS(N58,1)),(O58-1)*19+1,3) -> 051 | R58: =TRIM(MID(INDIRECT(ADDRESS(N58,1)),(O58-1)*19+4,16)) -> CH_MAX_5 | S58: =TRIM(MID(INDIRECT(ADDRESS(N58+1,1)),(O58-1)*19+1,19)) -> 23CFBB7 | T58: sQ2.29 | U58: =(HEX2DEC(LEFT(REPT("0",16-LEN(S58))&S58,10))*16^6+HEX2DEC(RIGHT(S58,6)))/2^(0+MID(T58,FIND(".",T58)+1,2)) -> 0.069944246 | V58: =U58*K118 -> 43.175476 | X58: =X54+2 -> 257 | Y58: 4 | AA58: =MID(INDIRECT(ADDRESS(X58,1)),(Y58-1)*19+1,3) -> 051 | AB58: =TRIM(MID(INDIRECT(ADDRESS(X58,1)),(Y58-1)*19+4,16)) -> CH19_F | AC58: =TRIM(MID(INDIRECT(ADDRESS(X58+1,1)),(Y58-1)*19+1,19)) -> 0 | AD58: uQ24.40 | AE58: =(HEX2DEC(LEFT(REPT("0",16-LEN(AC58))&AC58,10))*16^6+HEX2DEC(RIGHT(AC58,6)))/2^(0+MID(AD58,FIND(".",AD58)+1,2)) -> 0 | AF58: =SQRT(AE58/$U$16)*K132 -> 0
A59: ='CALIBRATION GUIDE'!B110 -> 064 SWELL_OV_TH_22 065 SWELL_OV_TH_23 066 SWELL_OV_TH_24 067 SWELL_OV_TH_25 | D59: =D55+2 -> 53 | E59: 1 | G59: =MID(INDIRECT(ADDRESS(D59,1)),(E59-1)*19+1,3) -> 052 | H59: =TRIM(MID(INDIRECT(ADDRESS(D59,1)),(E59-1)*19+4,16)) -> SWELL_OV_TH_10 | I59: =TRIM(MID(INDIRECT(ADDRESS(D59+1,1)),(E59-1)*19+1,19)) -> 0 | J59: uQ0.32 | K59: =(HEX2DEC(LEFT(REPT("0",16-LEN(I59))&I59,10))*16^6+HEX2DEC(RIGHT(I59,6)))/2^(0+MID(J59,FIND(".",J59)+1,2)) -> 0 | N59: =N55+2 -> 196 | O59: 1 | Q59: =MID(INDIRECT(ADDRESS(N59,1)),(O59-1)*19+1,3) -> 052 | R59: =TRIM(MID(INDIRECT(ADDRESS(N59,1)),(O59-1)*19+4,16)) -> CH_MAX_6 | S59: =TRIM(MID(INDIRECT(ADDRESS(N59+1,1)),(O59-1)*19+1,19)) -> 5B08 | T59: sQ2.29 | U59: =(HEX2DEC(LEFT(REPT("0",16-LEN(S59))&S59,10))*16^6+HEX2DEC(RIGHT(S59,6)))/2^(0+MID(T59,FIND(".",T59)+1,2)) -> 4.3407083e-05 | V59: =U59*K119 -> 0.026794505 | X59: =X55+2 -> 259 | Y59: 1 | AA59: =MID(INDIRECT(ADDRESS(X59,1)),(Y59-1)*19+1,3) -> 052 | AB59: =TRIM(MID(INDIRECT(ADDRESS(X59,1)),(Y59-1)*19+4,16)) -> CH20_F | AC59: =TRIM(MID(INDIRECT(ADDRESS(X59+1,1)),(Y59-1)*19+1,19)) -> 0 | AD59: uQ24.40 | AE59: =(HEX2DEC(LEFT(REPT("0",16-LEN(AC59))&AC59,10))*16^6+HEX2DEC(RIGHT(AC59,6)))/2^(0+MID(AD59,FIND(".",AD59)+1,2)) -> 0 | AF59: =SQRT(AE59/$U$16)*K133 -> 0
A60: ='CALIBRATION GUIDE'!B111 -> 0 0 0 0 | D60: =D56+2 -> 53 | E60: 2 | G60: =MID(INDIRECT(ADDRESS(D60,1)),(E60-1)*19+1,3) -> 053 | H60: =TRIM(MID(INDIRECT(ADDRESS(D60,1)),(E60-1)*19+4,16)) -> SWELL_OV_TH_11 | I60: =TRIM(MID(INDIRECT(ADDRESS(D60+1,1)),(E60-1)*19+1,19)) -> 5E84F61 | J60: uQ0.32 | K60: =(HEX2DEC(LEFT(REPT("0",16-LEN(I60))&I60,10))*16^6+HEX2DEC(RIGHT(I60,6)))/2^(0+MID(J60,FIND(".",J60)+1,2)) -> 0.02307602 | N60: =N56+2 -> 196 | O60: 2 | Q60: =MID(INDIRECT(ADDRESS(N60,1)),(O60-1)*19+1,3) -> 053 | R60: =TRIM(MID(INDIRECT(ADDRESS(N60,1)),(O60-1)*19+4,16)) -> CH_MAX_7 | S60: =TRIM(MID(INDIRECT(ADDRESS(N60+1,1)),(O60-1)*19+1,19)) -> 6F4A | T60: sQ2.29 | U60: =(HEX2DEC(LEFT(REPT("0",16-LEN(S60))&S60,10))*16^6+HEX2DEC(RIGHT(S60,6)))/2^(0+MID(T60,FIND(".",T60)+1,2)) -> 5.306676e-05 | V60: =U60*K120 -> 0.087613221 | X60: =X56+2 -> 259 | Y60: 2 | AA60: =MID(INDIRECT(ADDRESS(X60,1)),(Y60-1)*19+1,3) -> 053 | AB60: =TRIM(MID(INDIRECT(ADDRESS(X60,1)),(Y60-1)*19+4,16)) -> CH21_F | AC60: =TRIM(MID(INDIRECT(ADDRESS(X60+1,1)),(Y60-1)*19+1,19)) -> 0 | AD60: uQ24.40 | AE60: =(HEX2DEC(LEFT(REPT("0",16-LEN(AC60))&AC60,10))*16^6+HEX2DEC(RIGHT(AC60,6)))/2^(0+MID(AD60,FIND(".",AD60)+1,2)) -> 0 | AF60: =SQRT(AE60/$U$16)*K134 -> 0
A61: ='CALIBRATION GUIDE'!B112 -> 068 SWELL_OV_TH_26 069 SWELL_OV_TH_27 070 SWELL_OV_TH_28 071 SWELL_OV_TH_29 | D61: =D57+2 -> 53 | E61: 3 | G61: =MID(INDIRECT(ADDRESS(D61,1)),(E61-1)*19+1,3) -> 054 | H61: =TRIM(MID(INDIRECT(ADDRESS(D61,1)),(E61-1)*19+4,16)) -> SWELL_OV_TH_12 | I61: =TRIM(MID(INDIRECT(ADDRESS(D61+1,1)),(E61-1)*19+1,19)) -> 0 | J61: uQ0.32 | K61: =(HEX2DEC(LEFT(REPT("0",16-LEN(I61))&I61,10))*16^6+HEX2DEC(RIGHT(I61,6)))/2^(0+MID(J61,FIND(".",J61)+1,2)) -> 0 | N61: =N57+2 -> 196 | O61: 3 | Q61: =MID(INDIRECT(ADDRESS(N61,1)),(O61-1)*19+1,3) -> 054 | R61: =TRIM(MID(INDIRECT(ADDRESS(N61,1)),(O61-1)*19+4,16)) -> CH_MAX_8 | S61: =TRIM(MID(INDIRECT(ADDRESS(N61+1,1)),(O61-1)*19+1,19)) -> 0 | T61: sQ2.29 | U61: =(HEX2DEC(LEFT(REPT("0",16-LEN(S61))&S61,10))*16^6+HEX2DEC(RIGHT(S61,6)))/2^(0+MID(T61,FIND(".",T61)+1,2)) -> 0 | V61: =U61*K121 -> 0 | X61: =X57+2 -> 259 | Y61: 3 | AA61: =MID(INDIRECT(ADDRESS(X61,1)),(Y61-1)*19+1,3) -> 054 | AB61: =TRIM(MID(INDIRECT(ADDRESS(X61,1)),(Y61-1)*19+4,16)) -> CH22_F | AC61: =TRIM(MID(INDIRECT(ADDRESS(X61+1,1)),(Y61-1)*19+1,19)) -> 0 | AD61: uQ24.40 | AE61: =(HEX2DEC(LEFT(REPT("0",16-LEN(AC61))&AC61,10))*16^6+HEX2DEC(RIGHT(AC61,6)))/2^(0+MID(AD61,FIND(".",AD61)+1,2)) -> 0 | AF61: =SQRT(AE61/$U$16)*K135 -> 0
A62: ='CALIBRATION GUIDE'!B113 -> 0 0 0 0 | D62: =D58+2 -> 53 | E62: 4 | G62: =MID(INDIRECT(ADDRESS(D62,1)),(E62-1)*19+1,3) -> 055 | H62: =TRIM(MID(INDIRECT(ADDRESS(D62,1)),(E62-1)*19+4,16)) -> SWELL_OV_TH_13 | I62: =TRIM(MID(INDIRECT(ADDRESS(D62+1,1)),(E62-1)*19+1,19)) -> 0 | J62: uQ0.32 | K62: =HEX2DEC(IF(AND(LEN(I62)=8,HEX2DEC(LEFT(I62,1))>7),"FF","00")&I62)/2^(0+MID(J62,FIND(".",J62)+1,2)) -> 0 | N62: =N58+2 -> 196 | O62: 4 | Q62: =MID(INDIRECT(ADDRESS(N62,1)),(O62-1)*19+1,3) -> 055 | R62: =TRIM(MID(INDIRECT(ADDRESS(N62,1)),(O62-1)*19+4,16)) -> CH_MAX_9 | S62: =TRIM(MID(INDIRECT(ADDRESS(N62+1,1)),(O62-1)*19+1,19)) -> 0 | T62: sQ2.29 | U62: =HEX2DEC(IF(AND(LEN(S62)=8,HEX2DEC(LEFT(S62,1))>7),"FF","00")&S62)/2^(0+MID(T62,FIND(".",T62)+1,2)) -> 0 | V62: =U62*K122 -> 0 | X62: =X58+2 -> 259 | Y62: 4 | AA62: =MID(INDIRECT(ADDRESS(X62,1)),(Y62-1)*19+1,3) -> 055 | AB62: =TRIM(MID(INDIRECT(ADDRESS(X62,1)),(Y62-1)*19+4,16)) -> CH23_F | AC62: =TRIM(MID(INDIRECT(ADDRESS(X62+1,1)),(Y62-1)*19+1,19)) -> 0 | AD62: uQ24.40 | AE62: =(HEX2DEC(LEFT(REPT("0",16-LEN(AC62))&AC62,10))*16^6+HEX2DEC(RIGHT(AC62,6)))/2^(0+MID(AD62,FIND(".",AD62)+1,2)) -> 0 | AF62: =SQRT(AE62/$U$16)*K136 -> 0
A63: ='CALIBRATION GUIDE'!B114 -> 072 SWELL_OV_TH_30 073 SWELL_OV_TH_31 074 SAG_THRES_00 075 SAG_THRES_01 | D63: =D59+2 -> 55 | E63: 1 | G63: =MID(INDIRECT(ADDRESS(D63,1)),(E63-1)*19+1,3) -> 056 | H63: =TRIM(MID(INDIRECT(ADDRESS(D63,1)),(E63-1)*19+4,16)) -> SWELL_OV_TH_14 | I63: =TRIM(MID(INDIRECT(ADDRESS(D63+1,1)),(E63-1)*19+1,19)) -> 0 | J63: uQ0.32 | K63: =HEX2DEC(IF(AND(LEN(I63)=8,HEX2DEC(LEFT(I63,1))>7),"FF","00")&I63)/2^(0+MID(J63,FIND(".",J63)+1,2)) -> 0 | N63: =N59+2 -> 198 | O63: 1 | Q63: =MID(INDIRECT(ADDRESS(N63,1)),(O63-1)*19+1,3) -> 056 | R63: =TRIM(MID(INDIRECT(ADDRESS(N63,1)),(O63-1)*19+4,16)) -> CH_MAX_10 | S63: =TRIM(MID(INDIRECT(ADDRESS(N63+1,1)),(O63-1)*19+1,19)) -> 0 | T63: sQ2.29 | U63: =HEX2DEC(IF(AND(LEN(S63)=8,HEX2DEC(LEFT(S63,1))>7),"FF","00")&S63)/2^(0+MID(T63,FIND(".",T63)+1,2)) -> 0 | V63: =U63*K123 -> 0 | X63: =X59+2 -> 261 | Y63: 1 | AA63: =MID(INDIRECT(ADDRESS(X63,1)),(Y63-1)*19+1,3) -> 056 | AB63: =TRIM(MID(INDIRECT(ADDRESS(X63,1)),(Y63-1)*19+4,16)) -> CH24_F | AC63: =TRIM(MID(INDIRECT(ADDRESS(X63+1,1)),(Y63-1)*19+1,19)) -> 0 | AD63: uQ24.40 | AE63: =(HEX2DEC(LEFT(REPT("0",16-LEN(AC63))&AC63,10))*16^6+HEX2DEC(RIGHT(AC63,6)))/2^(0+MID(AD63,FIND(".",AD63)+1,2)) -> 0 | AF63: =SQRT(AE63/$U$16)*K137 -> 0
A64: ='CALIBRATION GUIDE'!B115 -> 0 0 0 1A2EC26 | D64: =D60+2 -> 55 | E64: 2 | G64: =MID(INDIRECT(ADDRESS(D64,1)),(E64-1)*19+1,3) -> 057 | H64: =TRIM(MID(INDIRECT(ADDRESS(D64,1)),(E64-1)*19+4,16)) -> SWELL_OV_TH_15 | I64: =TRIM(MID(INDIRECT(ADDRESS(D64+1,1)),(E64-1)*19+1,19)) -> 0 | J64: uQ0.32 | K64: =HEX2DEC(IF(AND(LEN(I64)=8,HEX2DEC(LEFT(I64,1))>7),"FF","00")&I64)/2^(0+MID(J64,FIND(".",J64)+1,2)) -> 0 | N64: =N60+2 -> 198 | O64: 2 | Q64: =MID(INDIRECT(ADDRESS(N64,1)),(O64-1)*19+1,3) -> 057 | R64: =TRIM(MID(INDIRECT(ADDRESS(N64,1)),(O64-1)*19+4,16)) -> CH_MAX_11 | S64: =TRIM(MID(INDIRECT(ADDRESS(N64+1,1)),(O64-1)*19+1,19)) -> 0 | T64: sQ2.29 | U64: =HEX2DEC(IF(AND(LEN(S64)=8,HEX2DEC(LEFT(S64,1))>7),"FF","00")&S64)/2^(0+MID(T64,FIND(".",T64)+1,2)) -> 0 | V64: =U64*K124 -> 0 | X64: =X60+2 -> 261 | Y64: 2 | AA64: =MID(INDIRECT(ADDRESS(X64,1)),(Y64-1)*19+1,3) -> 057 | AB64: =TRIM(MID(INDIRECT(ADDRESS(X64,1)),(Y64-1)*19+4,16)) -> CH25_F | AC64: =TRIM(MID(INDIRECT(ADDRESS(X64+1,1)),(Y64-1)*19+1,19)) -> 0 | AD64: uQ24.40 | AE64: =(HEX2DEC(LEFT(REPT("0",16-LEN(AC64))&AC64,10))*16^6+HEX2DEC(RIGHT(AC64,6)))/2^(0+MID(AD64,FIND(".",AD64)+1,2)) -> 0 | AF64: =SQRT(AE64/$U$16)*K138 -> 0
A65: ='CALIBRATION GUIDE'!B116 -> 076 SAG_THRES_02 077 SAG_THRES_03 078 SAG_THRES_04 079 SAG_THRES_05 | D65: =D61+2 -> 55 | E65: 3 | G65: =MID(INDIRECT(ADDRESS(D65,1)),(E65-1)*19+1,3) -> 058 | H65: =TRIM(MID(INDIRECT(ADDRESS(D65,1)),(E65-1)*19+4,16)) -> SWELL_OV_TH_16 | I65: =TRIM(MID(INDIRECT(ADDRESS(D65+1,1)),(E65-1)*19+1,19)) -> 0 | J65: uQ0.32 | K65: =HEX2DEC(IF(AND(LEN(I65)=8,HEX2DEC(LEFT(I65,1))>7),"FF","00")&I65)/2^(0+MID(J65,FIND(".",J65)+1,2)) -> 0 | N65: =N61+2 -> 198 | O65: 3 | Q65: =MID(INDIRECT(ADDRESS(N65,1)),(O65-1)*19+1,3) -> 058 | R65: =TRIM(MID(INDIRECT(ADDRESS(N65,1)),(O65-1)*19+4,16)) -> CH_MAX_12 | S65: =TRIM(MID(INDIRECT(ADDRESS(N65+1,1)),(O65-1)*19+1,19)) -> 0 | T65: sQ2.29 | U65: =HEX2DEC(IF(AND(LEN(S65)=8,HEX2DEC(LEFT(S65,1))>7),"FF","00")&S65)/2^(0+MID(T65,FIND(".",T65)+1,2)) -> 0 | V65: =U65*K125 -> 0 | X65: =X61+2 -> 261 | Y65: 3 | AA65: =MID(INDIRECT(ADDRESS(X65,1)),(Y65-1)*19+1,3) -> 058 | AB65: =TRIM(MID(INDIRECT(ADDRESS(X65,1)),(Y65-1)*19+4,16)) -> CH26_F | AC65: =TRIM(MID(INDIRECT(ADDRESS(X65+1,1)),(Y65-1)*19+1,19)) -> 0 | AD65: uQ24.40 | AE65: =(HEX2DEC(LEFT(REPT("0",16-LEN(AC65))&AC65,10))*16^6+HEX2DEC(RIGHT(AC65,6)))/2^(0+MID(AD65,FIND(".",AD65)+1,2)) -> 0 | AF65: =SQRT(AE65/$U$16)*K139 -> 0
A66: ='CALIBRATION GUIDE'!B117 -> 0 1A2EC26 0 1A2EC26 | D66: =D62+2 -> 55 | E66: 4 | G66: =MID(INDIRECT(ADDRESS(D66,1)),(E66-1)*19+1,3) -> 059 | H66: =TRIM(MID(INDIRECT(ADDRESS(D66,1)),(E66-1)*19+4,16)) -> SWELL_OV_TH_17 | I66: =TRIM(MID(INDIRECT(ADDRESS(D66+1,1)),(E66-1)*19+1,19)) -> 0 | J66: uQ0.32 | K66: =HEX2DEC(IF(AND(LEN(I66)=8,HEX2DEC(LEFT(I66,1))>7),"FF","00")&I66)/2^(0+MID(J66,FIND(".",J66)+1,2)) -> 0 | N66: =N62+2 -> 198 | O66: 4 | Q66: =MID(INDIRECT(ADDRESS(N66,1)),(O66-1)*19+1,3) -> 059 | R66: =TRIM(MID(INDIRECT(ADDRESS(N66,1)),(O66-1)*19+4,16)) -> CH_MAX_13 | S66: =TRIM(MID(INDIRECT(ADDRESS(N66+1,1)),(O66-1)*19+1,19)) -> 0 | T66: sQ2.29 | U66: =HEX2DEC(IF(AND(LEN(S66)=8,HEX2DEC(LEFT(S66,1))>7),"FF","00")&S66)/2^(0+MID(T66,FIND(".",T66)+1,2)) -> 0 | V66: =U66*K126 -> 0 | X66: =X62+2 -> 261 | Y66: 4 | AA66: =MID(INDIRECT(ADDRESS(X66,1)),(Y66-1)*19+1,3) -> 059 | AB66: =TRIM(MID(INDIRECT(ADDRESS(X66,1)),(Y66-1)*19+4,16)) -> CH27_F | AC66: =TRIM(MID(INDIRECT(ADDRESS(X66+1,1)),(Y66-1)*19+1,19)) -> 0 | AD66: uQ24.40 | AE66: =(HEX2DEC(LEFT(REPT("0",16-LEN(AC66))&AC66,10))*16^6+HEX2DEC(RIGHT(AC66,6)))/2^(0+MID(AD66,FIND(".",AD66)+1,2)) -> 0 | AF66: =SQRT(AE66/$U$16)*K140 -> 0
A67: ='CALIBRATION GUIDE'!B118 -> 080 SAG_THRES_06 081 SAG_THRES_07 082 SAG_THRES_08 083 SAG_THRES_09 | D67: =D63+2 -> 57 | E67: 1 | G67: =MID(INDIRECT(ADDRESS(D67,1)),(E67-1)*19+1,3) -> 060 | H67: =TRIM(MID(INDIRECT(ADDRESS(D67,1)),(E67-1)*19+4,16)) -> SWELL_OV_TH_18 | I67: =TRIM(MID(INDIRECT(ADDRESS(D67+1,1)),(E67-1)*19+1,19)) -> 0 | J67: uQ0.32 | K67: =HEX2DEC(IF(AND(LEN(I67)=8,HEX2DEC(LEFT(I67,1))>7),"FF","00")&I67)/2^(0+MID(J67,FIND(".",J67)+1,2)) -> 0 | N67: =N63+2 -> 200 | O67: 1 | Q67: =MID(INDIRECT(ADDRESS(N67,1)),(O67-1)*19+1,3) -> 060 | R67: =TRIM(MID(INDIRECT(ADDRESS(N67,1)),(O67-1)*19+4,16)) -> CH_MAX_14 | S67: =TRIM(MID(INDIRECT(ADDRESS(N67+1,1)),(O67-1)*19+1,19)) -> 0 | T67: sQ2.29 | U67: =HEX2DEC(IF(AND(LEN(S67)=8,HEX2DEC(LEFT(S67,1))>7),"FF","00")&S67)/2^(0+MID(T67,FIND(".",T67)+1,2)) -> 0 | V67: =U67*K127 -> 0 | X67: =X63+2 -> 263 | Y67: 1 | AA67: =MID(INDIRECT(ADDRESS(X67,1)),(Y67-1)*19+1,3) -> 060 | AB67: =TRIM(MID(INDIRECT(ADDRESS(X67,1)),(Y67-1)*19+4,16)) -> CH28_F | AC67: =TRIM(MID(INDIRECT(ADDRESS(X67+1,1)),(Y67-1)*19+1,19)) -> 0 | AD67: uQ24.40 | AE67: =(HEX2DEC(LEFT(REPT("0",16-LEN(AC67))&AC67,10))*16^6+HEX2DEC(RIGHT(AC67,6)))/2^(0+MID(AD67,FIND(".",AD67)+1,2)) -> 0 | AF67: =SQRT(AE67/$U$16)*K141 -> 0
A68: ='CALIBRATION GUIDE'!B119 -> 0 1A2EC26 0 1A2EC26 | D68: =D64+2 -> 57 | E68: 2 | G68: =MID(INDIRECT(ADDRESS(D68,1)),(E68-1)*19+1,3) -> 061 | H68: =TRIM(MID(INDIRECT(ADDRESS(D68,1)),(E68-1)*19+4,16)) -> SWELL_OV_TH_19 | I68: =TRIM(MID(INDIRECT(ADDRESS(D68+1,1)),(E68-1)*19+1,19)) -> 0 | J68: uQ0.32 | K68: =HEX2DEC(IF(AND(LEN(I68)=8,HEX2DEC(LEFT(I68,1))>7),"FF","00")&I68)/2^(0+MID(J68,FIND(".",J68)+1,2)) -> 0 | N68: =N64+2 -> 200 | O68: 2 | Q68: =MID(INDIRECT(ADDRESS(N68,1)),(O68-1)*19+1,3) -> 061 | R68: =TRIM(MID(INDIRECT(ADDRESS(N68,1)),(O68-1)*19+4,16)) -> CH_MAX_15 | S68: =TRIM(MID(INDIRECT(ADDRESS(N68+1,1)),(O68-1)*19+1,19)) -> 0 | T68: sQ2.29 | U68: =HEX2DEC(IF(AND(LEN(S68)=8,HEX2DEC(LEFT(S68,1))>7),"FF","00")&S68)/2^(0+MID(T68,FIND(".",T68)+1,2)) -> 0 | V68: =U68*K128 -> 0 | X68: =X64+2 -> 263 | Y68: 2 | AA68: =MID(INDIRECT(ADDRESS(X68,1)),(Y68-1)*19+1,3) -> 061 | AB68: =TRIM(MID(INDIRECT(ADDRESS(X68,1)),(Y68-1)*19+4,16)) -> CH29_F | AC68: =TRIM(MID(INDIRECT(ADDRESS(X68+1,1)),(Y68-1)*19+1,19)) -> 0 | AD68: uQ24.40 | AE68: =(HEX2DEC(LEFT(REPT("0",16-LEN(AC68))&AC68,10))*16^6+HEX2DEC(RIGHT(AC68,6)))/2^(0+MID(AD68,FIND(".",AD68)+1,2)) -> 0 | AF68: =SQRT(AE68/$U$16)*K142 -> 0
A69: ='CALIBRATION GUIDE'!B120 -> 084 SAG_THRES_10 085 SAG_THRES_11 086 SAG_THRES_12 087 SAG_THRES_13 | D69: =D65+2 -> 57 | E69: 3 | G69: =MID(INDIRECT(ADDRESS(D69,1)),(E69-1)*19+1,3) -> 062 | H69: =TRIM(MID(INDIRECT(ADDRESS(D69,1)),(E69-1)*19+4,16)) -> SWELL_OV_TH_20 | I69: =TRIM(MID(INDIRECT(ADDRESS(D69+1,1)),(E69-1)*19+1,19)) -> 0 | J69: uQ0.32 | K69: =HEX2DEC(IF(AND(LEN(I69)=8,HEX2DEC(LEFT(I69,1))>7),"FF","00")&I69)/2^(0+MID(J69,FIND(".",J69)+1,2)) -> 0 | N69: =N65+2 -> 200 | O69: 3 | Q69: =MID(INDIRECT(ADDRESS(N69,1)),(O69-1)*19+1,3) -> 062 | R69: =TRIM(MID(INDIRECT(ADDRESS(N69,1)),(O69-1)*19+4,16)) -> CH_MAX_16 | S69: =TRIM(MID(INDIRECT(ADDRESS(N69+1,1)),(O69-1)*19+1,19)) -> 0 | T69: sQ2.29 | U69: =HEX2DEC(IF(AND(LEN(S69)=8,HEX2DEC(LEFT(S69,1))>7),"FF","00")&S69)/2^(0+MID(T69,FIND(".",T69)+1,2)) -> 0 | V69: =U69*K129 -> 0 | X69: =X65+2 -> 263 | Y69: 3 | AA69: =MID(INDIRECT(ADDRESS(X69,1)),(Y69-1)*19+1,3) -> 062 | AB69: =TRIM(MID(INDIRECT(ADDRESS(X69,1)),(Y69-1)*19+4,16)) -> CH30_F | AC69: =TRIM(MID(INDIRECT(ADDRESS(X69+1,1)),(Y69-1)*19+1,19)) -> 0 | AD69: uQ24.40 | AE69: =(HEX2DEC(LEFT(REPT("0",16-LEN(AC69))&AC69,10))*16^6+HEX2DEC(RIGHT(AC69,6)))/2^(0+MID(AD69,FIND(".",AD69)+1,2)) -> 0 | AF69: =SQRT(AE69/$U$16)*K143 -> 0
A70: ='CALIBRATION GUIDE'!B121 -> 0 1A2EC26 0 0 | D70: =D66+2 -> 57 | E70: 4 | G70: =MID(INDIRECT(ADDRESS(D70,1)),(E70-1)*19+1,3) -> 063 | H70: =TRIM(MID(INDIRECT(ADDRESS(D70,1)),(E70-1)*19+4,16)) -> SWELL_OV_TH_21 | I70: =TRIM(MID(INDIRECT(ADDRESS(D70+1,1)),(E70-1)*19+1,19)) -> 0 | J70: uQ0.32 | K70: =HEX2DEC(IF(AND(LEN(I70)=8,HEX2DEC(LEFT(I70,1))>7),"FF","00")&I70)/2^(0+MID(J70,FIND(".",J70)+1,2)) -> 0 | N70: =N66+2 -> 200 | O70: 4 | Q70: =MID(INDIRECT(ADDRESS(N70,1)),(O70-1)*19+1,3) -> 063 | R70: =TRIM(MID(INDIRECT(ADDRESS(N70,1)),(O70-1)*19+4,16)) -> CH_MAX_17 | S70: =TRIM(MID(INDIRECT(ADDRESS(N70+1,1)),(O70-1)*19+1,19)) -> 0 | T70: sQ2.29 | U70: =HEX2DEC(IF(AND(LEN(S70)=8,HEX2DEC(LEFT(S70,1))>7),"FF","00")&S70)/2^(0+MID(T70,FIND(".",T70)+1,2)) -> 0 | V70: =U70*K130 -> 0 | X70: =X66+2 -> 263 | Y70: 4 | AA70: =MID(INDIRECT(ADDRESS(X70,1)),(Y70-1)*19+1,3) -> 063 | AB70: =TRIM(MID(INDIRECT(ADDRESS(X70,1)),(Y70-1)*19+4,16)) -> CH31_F | AC70: =TRIM(MID(INDIRECT(ADDRESS(X70+1,1)),(Y70-1)*19+1,19)) -> 0 | AD70: uQ24.40 | AE70: =(HEX2DEC(LEFT(REPT("0",16-LEN(AC70))&AC70,10))*16^6+HEX2DEC(RIGHT(AC70,6)))/2^(0+MID(AD70,FIND(".",AD70)+1,2)) -> 0 | AF70: =SQRT(AE70/$U$16)*K144 -> 0
